:020000040800F2
:100000004815002075020008896400080F58000890
:100010002164000885300008917400080000000089
:10002000000000000000000000000000CB6D000890
:1000300091320008000000007B6D0008456F000849
:100040008F0200088F0200088F0200088F0200084C
:100050008F0200088F0200088F0200088F0200083C
:100060008F0200088F0200088F0200088F0200082C
:100070008F0200088F0200088F0200088F0200081C
:100080008F0200088F0200088F0200088F0200080C
:100090008F0200088F0200088F0200088F020008FC
:1000A0008F020008A96F00088F0200088F02000865
:1000B0008F0200088F0200088F0200088F020008DC
:1000C0008F0200088F0200088F0200088F020008CC
:1000D0008F02000879740008857400088F020008F8
:1000E0008F0200088F0200088F02000800F002F85B
:1000F00000F0B0F80AA090E8000C82448344AAF112
:100100000107DA4501D100F0A5F8AFF2090EBAE80F
:100110000F0013F0010F18BFFB1A43F0010318473B
:100120004CA000006CA000000A444FF0000C10F836
:10013000013B13F0070408BF10F8014B1D1108BF65
:1001400010F8015B641E05D010F8016B641E01F805
:10015000016BF9D113F0080F1EBF10F8014BAD1C55
:100160000C1B09D16D1E58BF01F801CBFAD505E073
:1001700014F8016B01F8016B6D1EF9D59142D6D3CD
:10018000704700000023002400250026103A28BFF5
:1001900078C1FBD8520728BF30C148BF0B607047F9
:1001A0006E2900F0D382702900F02B84662908F0B4
:1001B000F785652908F0F485672908F0F18561293C
:1001C00008F0F08503681B0A28BF41F08001692907
:1001D00000F08082642900F07D82752900F07A8227
:1001E0006F2900F0B883782900F0F783E92900F03F
:1001F0005383E42900F05083F52900F04D83EF2963
:1002000000F0B583F82900F0F6830368DB0928BF06
:1002100041F08001632900F0D482732900F0D98273
:10022000E32901F0EF80F32901F0F480002070470A
:100230001FB501F0C5F904000020002107F000FE01
:10024000401C60600020002107F0E4FDE0601FBD5D
:1002500010B510BD01F08FF91146FFF7E9FF07F067
:100260008BFC01F0EDFC03B4FFF7F2FF03BC01F0DF
:100270001BFF00000948804709480047FEE7FEE7EA
:10028000FEE7FEE7FEE7FEE7FEE7FEE7FEE7FEE746
:1002900004480549054A064B70470000A76F00084F
:1002A000ED000008480F00204815002048110020EC
:1002B00048110020B2F120030AD5C2F1200320FA30
:1002C00002F001FA03F321FA02F140EA0300704759
:1002D00021FA03F04FF00001704700001CB50C46F6
:1002E000064B7B4469460090204600F048FA0446DD
:1002F0000020694600F056FA20461CBDBF040000ED
:100300000FB41CB5084B06AA7B44694600900598BB
:1003100000F035FA04460020694600F043FA204612
:100320001CBC5DF814FB00009904000070B50C467D
:100330000546012A05D02878800600D5EA69002301
:1003400002E0012305E05B1C934202D2E05C00283E
:10035000F9D1A869E618C01AA861286A1844286269
:10036000284600F07EF904E0D5E9012114F8010BDC
:100370009047B442F8D3284600F089F970BD0000D8
:100380002DE9F05F894604464FF0000ADFF874B1AA
:10039000FB44C0F820A02046E1688847002874D0BC
:1003A000252806D0D4E901219047206A401C20620C
:1003B000F1E700265F462046E16888472028054689
:1003C00007DB312D05D2781910F8200C08B106434F
:1003D000F1E7B00701D526F00406C4F81CA00027F9
:1003E000C4F818A02A2D09D0284607F050F938B3D0
:1003F00004EB8708303DC8F8185019E059F8041B81
:10040000204604EB87029161E1688847012F054689
:1004100018D1E069002820DA26F020061DE0D8F87F
:10042000180000EB800005EB40003038C8F81800D9
:100430002046E1688847054607F029F90028EED1F3
:10044000012F0AD02E2D08D12046E16888477F1C55
:100450000546022F46F02006C4DBA069002803DA17
:10046000404246F00106A061F00701D026F01006D8
:100470006C2D0BD0682D09D04C2D39D06A2D35D07C
:10048000742D35D07A2D33D016E038E0E1682F4650
:1004900020468847B842054609D16C2F26D04FF434
:1004A0008060E168064320468847054604E06C2FDB
:1004B0001AD04FF4807006430DB3A5F141001928FE
:1004C00002D8203546F400664A4629462046266072
:1004D0004E46FFF765FE80B101280BD0F61D26F0D1
:1004E000070000F1080956E74020E4E78020D8E73C
:1004F0000020D6E706F104094DE7284652E7206AB6
:10050000BDE8F09F389C000070B5064600F09AF8F0
:100510000468054630460A22002100F0CFFA2C601C
:1005200070BD0000014A00F001BB000090010020F6
:1005300010B5431C02E010F8011B71B18107FAD11C
:100540004FF0013202C88C1A8C4314EAC211F9D060
:10055000C01A0A0603D0C01E10BDC01A10BD0A047E
:1005600001D0801E10BD0902FCD0401E10BD4FF00E
:10057000000200B5134694469646203922BFA0E8F3
:100580000C50A0E80C50B1F12001BFF4F7AF0907FF
:1005900028BFA0E80C5048BF0CC05DF804EB8900F0
:1005A00028BF40F8042B08BF704748BF20F8022B33
:1005B00011F0804F18BF00F8012B70474FF0013C3D
:1005C00050F8042B51F8043B9A4221D1A2EB0C03C2
:1005D000934313EACC1317D150F8042B51F8043B82
:1005E0009A4215D1A2EB0C03934313EACC130BD11F
:1005F00050F8042B51F8043B9A4209D1A2EB0C03AA
:10060000934313EACC13DBD04FF00000704700BFD8
:10061000D01A01BAB1FA81F101F0180122FA01F001
:10062000CB40C1F12001DBB2C0B2C01A2CFA01F3F9
:10063000D11A914311EAC311E6D170477047704750
:100640007047000000487047E80E002010B5FFF723
:10065000F9FF006810BD10B50446FFF7F3FF046012
:1006600010BD70B5044685690068C10601D5302605
:1006700000E02026C00707D070BDD4E90121304634
:100680009047206A401C20626D1EF6D570BD70B583
:10069000044685690078C00707D170BDD4E90121FF
:1006A00020209047206A401C20626D1EF6D570BD48
:1006B00009684A0501D540B27047C905FCD500B2AA
:1006C000704709684A0501D5C0B27047C905FCD515
:1006D00080B270472DE9F041064600241068752964
:1006E000314616A510D0FFF7E3FF002802DA40429A
:1006F00013A507E031688A0701D512A502E0490772
:1007000004D511A5012401E0FFF7DBFF00210A2237
:1007100006F1240709E0B0FBF2FCB0FBF2F302FBA8
:100720001C00303078541846491C0028F3D1234669
:100730002A463046BDE8F04100F074BA00000000DF
:100740002D0000002B00000020000000116802684E
:10075000006A530501D508700AE0D30501D5088069
:1007600006E0130603D5C217C1E9000200E00860E5
:100770000120704701694A1C02610878704700B582
:100780008FB0CDE901310021059105497944CDE9CA
:10079000031011466846FFF7F3FD0FB000BD0000DF
:1007A000E5FFFFFF0A6802F8010B0A60704710B509
:1007B000436913B1AFF3008001E0FFF7B7FD0120FB
:1007C00010BD127800F124010A7000224A70012243
:1007D000EDE711684FF0FF32E9E700002DE9FF5F18
:1007E00015468A460446DFF8AC80F8440027D8E96D
:1007F00000103E46CDE9001010E03AF816106A46A7
:1008000002A800F07AFE411C07D02178890603D5A2
:10081000E269391891420DD80744761C2078800689
:1008200002D5E069B84205DDAE42E6DB3AF81600D3
:100830000028E2D1A069C01BA0612046FFF711FF8C
:10084000D8E90010CDE90010002017E03AF81810A0
:100850006A4602A800F051FEB0F1FF3F81460BD07E
:1008600000250DF1080B05E0D4E901211BF8050076
:1008700090476D1C4D45F7D308F10100B04280460A
:10088000E4DB206A384420622046FFF700FFBDE821
:10089000FF9F0000F29700002DE9F0418046D21D35
:1008A00022F007020025D2E90002F52915A614D08E
:1008B000011E72F1000106DA0023D0EB030063EBA6
:1008C000020211A608E0D8F800108B0701D50FA688
:1008D00002E0490701D50EA601251146002408F1C2
:1008E000240704E000F050F930323A55641C50EA15
:1008F0000102F7D12B46324621464046BDE8F04181
:1009000000F090B9000000002D0000002B00000056
:100910002000000030B4002100F1240408E002F0BF
:100920000705D208303542EA4372DB086554491C9A
:1009300052EA0305F3D10468002310A2250707D566
:10094000A40600D421B1C46901230DA2641EC461B0
:1009500030BC00F067B910B5044621461068FFF7B7
:10096000B0FE02462046BDE810400023D2E7D21D6B
:1009700022F00701D1E90023CCE7000000000000CD
:1009800030000000F0B40D460188090502D5214C65
:100990007C4402E01F4C7C440E34002100F124060C
:1009A00008E002F00F071209E75D42EA03721B0933
:1009B0007754491C52EA0307F3D102780023120747
:1009C00004D5702D06D009B1022311342246F0BCA3
:1009D00000F028B901231034F8E770B504460D463D
:1009E00021461068FFF76DFE024629462046BDE805
:1009F00070400023C6E7D21D22F00703D3E900238D
:100A0000C0E70368126843F0200303600823C36152
:100A10000023B7E7549600000FB4002300B589B057
:100A20000CA900910B99CB60214B7B440693214B81
:100A30007B44079304236FF00042CDE901321E4A44
:100A40007A446B4608920246002008F033FA09B057
:100A50005DF814FB70B506464FF0FF3015460C46A6
:100A6000324686B00091CDE901016946002004902C
:100A700004A8FFF7D1FF02460498211825B108B158
:100A8000084600E020462860049800280DD0002A7F
:100A900002DD0098884208D03246081B694600945F
:100AA000CDE9010404A8FFF7B7FF06B070BD000050
:100AB000EF090000070A0000CF0100002DE9F04710
:100AC00091460F4680460446002614F8015B2DB17E
:100AD00000F052F80068405DC007F6D12B2D02D01F
:100AE0002D2D18D0641E4A463946204600F0B6FC2B
:100AF00027B13968A14201D1C7F800804FF0020444
:100B000071050BD54042002803DDFFF79BFD046013
:100B1000A007BDE8F08746F48066E4E70028F8DA2D
:100B2000FFF790FD04606FF00040F2E72DE9F0411F
:100B300015460E46040002D12C6804B90BA42046C9
:100B400000F00BFD0444207870B12746314638464A
:100B500000F0F3FC0444207810B1002004F8010BED
:100B600038462C60BDE8F0810027F9E7000000005E
:100B700000487047E80E002010B500F021FD001D70
:100B800010BD00BFBD72000030B5B0F10A024FEADF
:100B9000900E71F100034EEA817EB0EB0E0061EB26
:100BA00091014FEA101E4EEA017E10EB0E0041EB60
:100BB00011114FEA102E4EEA016E10EB0E0041EBC0
:100BC00011214FEA104E4EEA014E10EB0E0041EBA0
:100BD0001141401841F100014FEAD00040EA417054
:100BE0004FEAD10110EB80054FEA810444EA90748A
:100BF00044EB01046D1944EB0404521BA3414FF074
:100C0000000348BF0A3200D530BD401C41F100014D
:100C100030BD10B50446FFF7AFFF0068005D00F07F
:100C2000010010BD2DE9F0470D4699469246044655
:100C300000F124080168880604D5E06921F010015C
:100C4000216000E00120A84201DD471B00E00027F1
:100C5000A1697A1902EB0900081AA0612078C00680
:100C600002D42046FFF7FDFC002608E0D4E901216C
:100C70001AF806009047206A401C761C20624E45F8
:100C8000F4DB2078C0060AD52046FFF7EAFC06E030
:100C9000D4E9012130209047206A401C2062381E90
:100CA000A7F10107F4DC07E0D4E9012118F80500F9
:100CB0009047206A401C2062281EA5F10105F3DC44
:100CC0002046FFF7E4FC2078000602D50220BDE8AC
:100CD000F0870120FBE770472DE9FF4F0C461E46C9
:100CE0004FF0FF378BB0D2E90001DDF860800A9049
:100CF0008A46C1F30A5505B93D46002108464FF022
:100D00000000BAF1000F00F4400005DA00EB8000AB
:100D10004FF4400101EA50004FEA9059B9F1010F38
:100D200000DDB9460A9850EA4A000ED044F6105049
:100D3000A5F2FF3545432F14B8F1000F1ED07542C0
:100D4000291E1EDDC9F100021CE0B8F1010F4FF0B1
:100D5000000001D0302103E0F24305E02154401CA3
:100D6000B042FBDB30460022002121540B99C1F830
:100D70000880C1E900200FB0BDE8F08FBD1B6D1CDD
:100D8000DEE74A4600DA694206A800F0E7FE06AB55
:100D900093E8070003AB83E8070050460A9901F087
:100DA0009DF98DE80700A0F500501F3800900398CA
:100DB000002D0ADD42F21F014A460844002303A920
:100DC0000390684601F048FC09E0A0F500504A464F
:100DD0001F38002303A90390684601F067FC8DE8E3
:100DE00007000004000C03D04FF0FF30410800E082
:100DF0001046B8F1000F03D00022009215461EE005
:100E0000751E05D4FFF7C0FE303262556D1EF9D550
:100E1000B3460122084302D000227F1C04E0207860
:100E2000302801D100227F1E002A099784D01DE0BE
:100E3000112D07DAFFF7A8FE303262556D1C50EA1B
:100E40000102F5D1084302D00098C8B10EE000219C
:100E5000681E05E0235C625C63542254401E491CFA
:100E60008142F7DBAB46A81B401E0990002004F826
:100E70000B000B98099AC0F80880C0E9002B7AE7AC
:100E800011264FF0000857E72DE9F04F8846044639
:100E9000D21D22F0070191B0D1E90001CDE90A018C
:100EA00006F0F7FA02460B98C00F01D02D2007E09C
:100EB0002068810701D52B2002E0202101EAC00033
:100EC000032A099001D0072A05DB03464146204644
:100ED00000F07AFB0BE12078800601D5E06900E0A4
:100EE0000620B8F1650F814606D0B8F1660F18D01C
:100EF000B8F1670F70D131E00020B9F1110F009007
:100F000001DB112301E009F101030AAA01A90CA8E0
:100F1000FFF7E2FEDDE90C70002609F101058346CA
:100F200047E001204B4600904FF000470AAA01A974
:100F30000CA8FFF7D1FEDDE90DB00C995D46002647
:100F400010B909F101000D18B9EB050003D4C0F187
:100F5000FF3609F10105A5EB09002BE0B9F1010FFE
:100F600001DA4FF001090020B9F1110F0090484655
:100F700001DD112300E003460AAA01A90CA8FFF72E
:100F8000ABFEDDE90C704D46002683462078000755
:100F90000AD4AB4500DA5D4601A8012D04DD4119F4
:100FA00011F8011C302907D04F4502DA17F1040F60
:100FB00004DA012082460FE06D1EEEE7002F02DC0E
:100FC000ED1B3E4403E0781CA84200DD7D1CB81BED
:100FD00000F1010A4FF000472078000703D4AA452A
:100FE00001DB4FF0FF3A0021B7F1004F0DF143084C
:100FF0008DF8431024D002202B23002F01DA7F42EA
:101000002D230A21021EA0F1010000DC5FB197FB35
:10101000F1FC97FBF1F201FB1C7C17460CF1300C44
:1010200008F801CDEEE7A8F1010003702188090559
:1010300001D5452100E06521A0F1010800F8011C5F
:1010400009980FA9A1EB0807FF1D00B10120411964
:1010500001EBEA70A1693844081A401EA0612078AB
:10106000C00602D42046FFF7FCFA099828B1D4E95B
:1010700001219047206A401C20622078C00622D5BA
:101080002046FFF7EEFA1EE0002E04DBB34502DD3A
:1010900001A8805D00E03020D4E901219047206A5A
:1010A000401C2062761CAAF101005FEA000A0AD106
:1010B00000F086FAC0680168405CD4E901219047DD
:1010C000206A401C2062281EA5F10105DCDC07E037
:1010D000D4E9012118F8010B9047206A401C2062D6
:1010E000381EA7F10107F3DC2046FFF7D0FA0320F2
:1010F00011B041E62DE9F04F04460D46D21D22F015
:10110000070089B0D0E900974846394606F0C1F992
:101110000246F80F01D02D2307E02068810701D592
:101120002B2302E0202101EAC0038DF820300BB10F
:10113000012000E00020032A824601D0072A04DBB8
:101140002946204600F040FA3FE12078800601D48D
:101150000D2500E0E569C7F30A560D2D49DA002197
:101160004FEA175B08464FF00000002F00F44000E4
:1011700007DA00EB80004FF4400100EBD07001EA89
:1011800060008115012901DD4FF0FF3100224FEA97
:10119000850CBCF1180F06D31346ACF118004FF0C4
:1011A0008052C24003E04FF4801323FA0CF30CF199
:1011B0000C0CBCF1200F04D3ACF1200C09FA0CF09C
:1011C00001E007FA0CF000294FF0004801DD18B9E2
:1011D0000FE00ED140450CD319EB02095F4121B954
:1011E000404502D19F4329EA0209BBEB175F00D0BB
:1011F000761C2088000502D57B48784402E07A48B6
:101200007844193808AA302302F80A30037C0AF11E
:101210000101002E0AF1020A53546A4602DC4FF023
:10122000300101E04FF031014FF001088DF800105E
:1012300002D0A6F2FF3603E059EA470100D06B4E18
:10124000002D02DC2178090704D54FF002082E2179
:101250008DF80110C44600210BE0C7F303433F01A2
:10126000C35C491C6D1E02F80830052908F101080D
:1012700001DA002DF1DC00210CE000EB1973491CB0
:101280001B786D1E082902F808304FEA091908F189
:10129000010801DA002DF0DC21688B0602D516E08A
:1012A000A8F10108E04505DD02EB080313F8013C55
:1012B000302BF5D0B8F1000F09DD02EB080313F86D
:1012C000013C2E2B03D1090701D4A8F10108002D00
:1012D00005DD3E2102F808106D1E08F10108407C72
:1012E000002E02F8080008F1010804DA2D207642E9
:1012F00002F8080002E02B2002F808000A214FF44F
:101300007A70864208F101080BDB96FBF0F330336C
:1013100002F8083096FBF0F308F1010800FB1366B1
:1013200001E0642E0CDB642096FBF0F3303302F80E
:10133000083096FBF0F308F1010800FB136601E0AA
:101340000A2E06DB96FBF1F0303002F8080008F1B7
:10135000010896FBF1F001FB1060303002F8080044
:10136000A16908F1010808EB050202EB0A00081A5E
:10137000A0612078C00602D42046FFF772F9216AE6
:1013800008AE01EB0A00206204E0D4E9012116F85E
:10139000010B9047BAF1010AF7D22078C00602D5B6
:1013A0002046FFF75EF96E4609E016F8010B3E286D
:1013B0000FD0D4E901219047206A401C2062B8F187
:1013C0000108F2D22046FFF762F909B00320BDE818
:1013D000F08F206A2844206203E0D4E90121302004
:1013E00090476D1EEBD3F8E7C58E000002FCFFFFAF
:1013F00010B5436913B1AFF3008001E0FFF7EEF9D8
:10140000012010BD128800F1240182840022C284D0
:101410000122EDE711684FF0FF32E9E7426842B17F
:10142000016811F8013B23B1521EC0E900121846B1
:1014300070470121C160881E704742685AB1C36875
:10144000016843B983688B4205D0491E521CC0E92C
:101450000012002070474FF0FF3070472DE9F05F19
:10146000824615468B4600270AF10104B9460078EA
:10147000302801D09DB113E014F8010B0127782822
:1014800003D0582801D045B10AE00DB1102D07D185
:10149000002714F8010B102502E0082500E00A25BA
:1014A0000026B0460EE005FB080005FB06F101270B
:1014B0001FFA80F801EB1046B6F5803F00D3B9461D
:1014C00014F8010B294600F0BFF80028EBDABBF155
:1014D000000F05D00FB1641E00E05446CBF8004069
:1014E000B9F1000F06D0FFF7ADF802210160C81E68
:1014F000BDE8F09F48EA0640FAE770B516460C468C
:101500000546FFF739FB036893F80101012806D06F
:10151000FF2C0FD8185D68B101202C7070BDD3F876
:1015200007013246214603F2071303442846BDE86B
:10153000704018474FF0FF3070BD30B503461D783E
:101540001DB10A4603E0AC4201D1181A30BD12F8B1
:10155000014B002CF7D15B1CF1E730B503461D7839
:101560003DB10A4612F8014B1CB1AC42FAD15B1CEA
:10157000F5E7181A30BD7546FFF7FAFAAE460500D2
:101580006946534620F00700854618B020B5FEF79F
:101590007FFEBDE820404FF000064FF000074FF0FF
:1015A00000084FF0000B21F00701AC46ACE8C00981
:1015B000ACE8C009ACE8C009ACE8C0098D4670478A
:1015C00000487047080F00202DE9F0411F460446EF
:1015D00003260168072A01F4006004DB08B116A5A0
:1015E00005E016A503E008B115A500E015A521F05A
:1015F00010002060A069C01EA0610FB1401EA06154
:101600002046FFF72EF84FB1D4E901213846904724
:10161000206A401C2062C01C206206E0206AFAE7B3
:10162000D4E9012115F8010B9047761EF8D2204627
:10163000FFF72DF8BDE8F0814E414E006E616E005F
:10164000494E4600696E66003A2800D2303820F0D4
:101650002002412A01D3A2F13700884201D34FF082
:10166000FF3070472DE9FF4F06468BB00878FF2802
:1016700006D0491C2D2805D000244FF0000908E0B1
:1016800000200CE00124F8E709EB8903491C00EB7A
:1016900043090878FF28F7D114B1C9F10000814649
:1016A000107800252C46AA4629462D2801D02B2843
:1016B00004D1521C2D2813D0002082468B4610786E
:1016C000FF280FD04FF0000C0A21521CA5FB017817
:1016D00004FB018105FB0C11C5194BEB0104EEE77E
:1016E0000120EAE7002108464FF00000BAF1000FA0
:1016F00002D000EB80004008C0F38157012F01DDCC
:101700004FF0FF370E9955EA040009EB01080BD0A2
:101710004FF0020918F5FA7F16DA4FEACA70002F67
:10172000706008DD012007E04FEACA70C6E900B02A
:101730000FB0BDE8F08F00203060FEF783FFC0F8E7
:1017400000901821084616E0B8F5FA7F18DD002F42
:1017500002DAF748784401E0F6487844D0E900100E
:10176000C6E9001040EACA707060FEF76BFFC0F86F
:101770000090142108460FB0BDE8F04F07F00DBBF4
:10178000002108464FF00000B8F10001099002DA8C
:10179000C7F1000200E03A4601DAC8F1000106A8EC
:1017A00000F0DCF906AB93E8070003AB83E8070021
:1017B00044F23E005BEA04010090584604D144F232
:1017C0001E012C465D460091210C0904014306D1FF
:1017D0000099240444EA15442D041039009104F0C2
:1017E0007F41014306D10099240244EA15642D0289
:1017F0000839009104F07041014306D10099240199
:1018000044EA15742D01091F009104F04041014381
:1018100006D10099A40044EA9574AD00891E009198
:1018200004F00041084304D100986D196441401E42
:1018300000904FF001033A466846B8F1000FCDE939
:10184000014503A902DD00F046FF01E000F019FFA9
:10185000BAF1000F04460D4601D084F00044002187
:1018600008464FF00000099940F2FF77484010F019
:101870000C0F07D124F00040284303D0C4F30A50D2
:10188000B84212D1FEF7DEFEC0F80090C4F30A5051
:10189000B8420AD1A8487844D0E90010C6E900103F
:1018A00004F000410843706042E7C6E900543FE796
:1018B0002DE9FF4F1F464FF0000A4FF0FF38454615
:1018C00091B0D7E90146CDF83CA0FFF779FEC0689A
:1018D0000168405C1090B96912986D1C8847396A9C
:1018E000814688470028F6D1B9F1FF3F0AD0002E83
:1018F00024F4D06411DDB9F12B0F08D0B9F12D0F0C
:101900000BD102E0404615B013E744F48064B96996
:1019100012986D1C8847761E8146600504A901D582
:101920002D2000E02B20002E01F1010B0DF13008DD
:101930008DF810003FDDB9F1690F08D0B9F1490FFA
:1019400005D0B9F16E0F02D0B9F14E0F1CD13B4654
:1019500001A8009580E85002DDE912126FF0020044
:1019600007F0ACFAC11CCED10EE0B96912986D1C1B
:10197000884781461398761E44F4007405600F98DA
:10198000401C002E0F9016DDB9F1300FEDD0B9F1EB
:10199000780F02D0B9F1580F0DD10F9801280AD154
:1019A0003B46CDE90054DDE91212001F029607F014
:1019B00083FAC11CA7D1109989453ED144F0800417
:1019C00006E01399681CAAF1010A44F40074086047
:1019D000B9696D1C1298761E884730288146F0D070
:1019E0002BE01099894505D1200603D4761E44F0DA
:1019F000800418E0484605F04AFE08B3761E0DF153
:101A000023018B4544F4007408D2A9F130000BF88F
:101A1000010B200607D5AAF1010003E0200602D43D
:101A20000AF101008246A00502D51399681C0860DE
:101A3000B96912986D1C88478146002ED1DC53E0AD
:101A4000002E51DDB9F1650F02D0B9F1450F4BD130
:101A5000A00549D5B9696D1C1298761E24F440740E
:101A60008847002E81460CDD2B2804D0B9F12D0FBC
:101A700007D144F48074B96912986D1C8847761EAA
:101A80008146E00501D52D2100E02B2108F8011B3E
:101A9000CDF8008021E0761E0DF13901884544F42F
:101AA00000740CD2A9F1300010F0FF0088F800009B
:101AB00002D10099884509D908F1010806E0E0053E
:101AC00001D51E4801E042F20F708246B9691298B2
:101AD0006D1C8847814613980560002E04DD48463A
:101AE00005F0D5FD0028D6D1F96912988847FF2066
:101AF00053468BF8000088F8000000200A900B90F5
:101B000004AA0CA90AA8FFF7ADFDA00502D46FF046
:101B10000100F8E614F0240F12D0E0071CD1386859
:101B2000DDE90A12031D3B600068C0E9001213E002
:101B30003C8A00002E8A0000F2880000F1D8FFFFE6
:101B40000AA9684605F032FDE00705D13868009A19
:101B5000011D3960006802602846D4E62DE9F0478F
:101B6000814616468AB0354878440DC88DE80D0088
:101B700032487844801C03AC0DC884E80D0041F65F
:101B80009B300844372190FBF1F290FBF1F5A5F171
:101B9000800501FB12041B3C02D56442012000E0D9
:101BA0000020DFF898A080460027FA44AAF1BE0A78
:101BB0000EE0E0070AD03246684607EB47010123F2
:101BC0000AEB810100F072FD8DE8070064107F1CB4
:101BD000002CEED1194F7F44AE3F19E0E80715D035
:101BE00007EB04100DF1180A90E80E008AE80E00C9
:101BF000C068F04201D1981908903246012306A925
:101C000003A800F053FD03AB83E807006D10641CCC
:101C1000002DE3D14FF0010332466946B8F1000FC1
:101C200003A802D000F018FD01E000F03FFDC9E973
:101C30000001C9F808200AB0BDE8F087E885000077
:101C400010B50446AFF300802046BDE81040FEF713
:101C50000ABB00002DE9FF4F1F464FF03C0987B03B
:101C60004FF00042DDE9141001F10108DDF858A041
:101C700002EA405003900020059083460546044642
:101C80000490B969461E08988847AAF1010A029093
:101C9000BAF1000F3BDD02982E2815D01021FFF776
:101CA000D3FC00282EDB4FF0010B0599014317D020
:101CB000B9F1000F0BDB4A46C11700F0FBF90543F1
:101CC0000C43A9F1040905E0012004900BE008B1E0
:101CD00045F0010501200590049820B9361D02E069
:101CE000049800B1361FB969089808F101088847BF
:101CF000BBF1000FAAF1010A0290C9D00999C1F8FD
:101D00000080C5E70298702808D0502806D0F969ED
:101D100008988847BBF1000F14D04FE000200290D4
:101D20000120BBF1000F049009D0B969089808F1AF
:101D300001088847AAF10109B9F1000F07DCF96928
:101D4000089888476FF001000BB0BDE8F08F2B2892
:101D500004D02D280CD14FF0FF300490B9690898B9
:101D600008F101088847A9F10109B9F1000FE6DD82
:101D7000411CE4D00A21FFF767FC0028DFDB029951
:101D800008F1010801EB810100EB41000290B96903
:101D9000089888470A21FFF757FC099AA9F1010919
:101DA000B9F1000FC2F8008001DD0028E7DAF96917
:101DB000089888470499029800FB016655EA0400D8
:101DC00004D004F04041090002D006E0039898E0F6
:101DD000A40044EA9574AD00B61E04F0004108006A
:101DE00002D16D196441761E159810F0240F03D0AE
:101DF0004FF00B095C4803E04FF028096FF07D00BD
:101E00008246564507DAAAEB06018944B9F1410F2B
:101E100001DD4FF0410901200021A9F1010200F08C
:101E200049F9024628400B462140084301D00121D0
:101E300000E00021501E029143F1FF312840214073
:101E4000084301D0012000E000200299834651EAB6
:101E50000B014FD0002108464FF00000039900F419
:101E6000400039B100EB80004FF4400100EBD0702E
:101E700001EA60008015012802DD4FF0FF3000E02C
:101E800013D0401C36D0029860B3BBF1000F0CD1C8
:101E90004A460120002100F00DF928402140084366
:101EA00001D0012000E00020E0B101204A460021DD
:101EB00000F000F9034640190A4661412D1A8C4191
:101EC00011D3B9F1400F09DD159810F0240F02D09D
:101ED000AAF1340603E0AAF1170600E0761C0025FB
:101EE0004FF0004406E05B1E42F1FF3220EA03059A
:101EF00021EA0204CAF10100B04206DA1B49039844
:101F000008430190002000900EE0039AC4F3D3210F
:101F1000E80A0A43164940EA44500A433146CDE9EB
:101F20000002684605F0A8FB159810F0240F0BD0AE
:101F30001598C00715D13868DDE90012031D3B6014
:101F40000068C0E900120CE002A8694605F02EFB0B
:101F50001598C00705D13868029A011D39600068DC
:101F600002604046F0E6000002FCFFFF0000F07F48
:101F70000000F03F2DE9FF4F92461D4685B04FF01F
:101F80000041DDE9124BDDE914727F1E01EA4B507E
:101F9000414940F0FF4940EA0108002122F02000B9
:101FA0004928049102D04E2828D04CE03BA00126BD
:101FB00007C88DE80700A9690698641C88477F1E3A
:101FC000014606D41DF8060018B121F02001814217
:101FD0000BD0E96906988847032E34D0082E32D0FA
:101FE0006FF0010009B0BDE8F08F761C032E01D020
:101FF000082EE0D1601CCAF80000DCE7A969069849
:10200000641C88477F1E2AD420F02000412826D156
:10201000A9690698641C88477F1E20D420F0200000
:102020004E281CD1A9690698641C88477F1E48F475
:10203000002849F48009CAF8004001D4282806D0B5
:10204000E969069888475FEACB7012D022E0A96957
:102050000698641C88477F1E01D4002803DAE969CA
:1020600006988847BCE72928F1D1641CCAF80040CB
:10207000E9E71BF0240F07D028680499031D2B60A3
:102080000068C0E9001805E02868021D2A600068A1
:10209000C0F800902046A5E70000F07F494E464971
:1020A0004E4954590000000001491820ABBEFEE71C
:1020B00026000200B2F120030AD5C2F1200301FA82
:1020C00002F120FA03F300FA02F041EA030170473B
:1020D00000FA03F14FF00000704770475FEA400CD0
:1020E00008BF91F0000F4FEA8C234FEAC12243EA68
:1020F00051514FEA1C5018BF00F5F0404FEA300034
:1021000018BF41F000415FEA6C5C00F02980BCF12F
:10211000FF3F08BF40F080407047130C06BF120419
:102120004FF0100C4FF0000C130E04BF12020CF114
:10213000080C130F04BF12010CF1040C930F04BF21
:1021400092000CF1020CD30F04BF52000CF1010CF1
:1021500011464FF00002A0F11F00A0EB0C007047E9
:1021600011F0004F08BF704731F000413FF4D5AF88
:102170000B0C06BF09044FF0100C4FF0000C0B0EB7
:1021800004BF09020CF1080C0B0F04BF09010CF18C
:10219000040C8B0F04BF89000CF1020CCB0F04BFA1
:1021A00049000CF1010CCCF12003A0EB0C0022FA49
:1021B00003F302FA0CF241EA030100F10100704757
:1021C00020F07F4C80EA030023F07F47ACEB07034D
:1021D00003F57C5300F0004003F1FF032DE9804933
:1021E0004FEA154B09B44FEA144325EA0B4E24EA93
:1021F00003480FF2042606EB132749083E785FEAEE
:10220000320203FB0667C7F5000707FB06F64FEA35
:1022100054374FEAD64606F1020607FB066CCCF1AE
:10222000005C4FEA1C472CEA074C07FB06F40CFB4A
:1022300006F504EB15464FEA961634BF00204FF022
:1022400000404FEAD13706FB07FC4FEA1C4C0CFB61
:102250000BF7D21B03FB0CF761EB07010CFB0EF72E
:10226000B0EB074072EB17420CFB08F734BFA2EB50
:102270000742B2EB074261EB17414FEA0C444FEAC9
:10228000910706FB07FC4FEA1C4C0CFB0BF7B0EB6D
:10229000C74072EB573203FB0CF734BFA2EBC742C7
:1022A000B2EBC74261EB57310CFB0EF7B0EBC70046
:1022B00072EB57720CFB08F734BFA2EBC702B2EB0C
:1022C000C70261EB5771039F4FEA816141EA9211A6
:1022D00004EBCC044FEAD1374FEA826206FB07FCDD
:1022E00042EA90124FEA80604FEA1C4C0CFB0BF75D
:1022F000D21B03FB0CF761EB07010CFB0EF7B0EBF5
:10230000074072EB17420CFB08F734BFA2EB074201
:10231000B2EB074261EB17414FEA8C554FEA910748
:1023200004EB9C2406FB07FC4FEA1C4C0CFB0BF750
:10233000B0EBC74072EB573203FB0CF734BFA2EB94
:10234000C742B2EBC74261EB57310CFB0EF7B0EB63
:10235000C70072EB57720CFB08F734BFA2EBC70241
:10236000B2EBC70261EB577115EB4C254FEA816167
:1023700041EA92114FEA82624FEAD13742EA901263
:1023800006FB07FC44F100044FEA80604FEA1C4C56
:102390000CFB0BF7D21B03FB0CF761EB07010CFBEB
:1023A0000EF7B0EB074072EB17420CFB08F734BF97
:1023B000A2EB0742B2EB074261EB174115EB1C158C
:1023C0004FEA813141EA92414FEA823242EA904239
:1023D0004FEA80304FEA0C7644F1000448EA0343A8
:1023E0004EEA0B484FF0000EB2EB080C71EB0307FE
:1023F00024BF624639464EEB0E0E4FF0000B00181C
:10240000524149414BEB0B0BB2EB080C71EB03074C
:102410007BF1000B24BF624639464EEB0E0E4FF0A7
:10242000000B0018524149414BEB0B0BB2EB080C6F
:1024300071EB03077BF1000B24BF624639464EEB7C
:102440000E0E51EA020718BF46F0010616EB0E7693
:1024500055F1000254F1000103D5BDE88901BDE842
:102460000088BDE88901BDE80048B619524141EB3A
:102470000101A3F10103704780807F7E7D7C7B7A20
:102480007978777676757473727171706F6E6E6D20
:102490006C6C6B6A6A6968686766666564646363C6
:1024A00062616160605F5F5E5E5D5D5C5C5B5B5A4C
:1024B0005A595958585757565655555554545353B9
:1024C00052525251515050504F4F4F4E4E4D4D4D14
:1024D0004C4C4C4B4B4B4A4A4A494949484848475F
:1024E000474747464646454545444444444343439D
:1024F000434242424241414146EA0646A3F57053F7
:102500004FEA164646EA42564FEAD22242EA415282
:1025100010B54FEAD121A3F1010300F02FF820F00C
:10252000004000F1020C00F0004701EB00501146A2
:10253000BCF5006F40EA070000D210BDBAF1000FF1
:102540000AD01CB503B44FF004004FF004014FF063
:1025500000000FBCBDE810404FF00001BBF1010FBF
:10256000B9BF04484FF0FF310348002140EA07009B
:1025700010BD00BFFFFFEF7F0000F07F002B9C46E7
:1025800030D477002BD01CB54FEA370703B44FF097
:1025900010004FF01001BAF1000F06D0BCF1000F8F
:1025A000DCBF40F0080040F008014FF000000FBC15
:1025B000BDE810400BF1010BBBF1010F08BF5FEA52
:1025C000170722BF12F1010211F101014FF0004182
:1025D00043F1000300F0004043EA00007047F9D3E4
:1025E0005708D0E746EA064613F1400F4FEA164671
:1025F0001FDD13F1200FDFBF16430A4600212033F1
:102600005B42BED0C3F1200746EA064602FA07F74E
:102610004FEA164646EA0706C3F1200722FA03F2FC
:1026200001FA07F721FA03F14FF0000342EA07022B
:10263000A7E746EA020646EA06464FEA164646EA93
:102640000106BCBF46EA0646360C4FF000034FF0C9
:1026500000024FF0000194E72DE9804C9A46934622
:1026600070B491E8380007C831EA400C48BF34EA3A
:10267000430C03D5FFF7A4FDFFF780FFF0BCBDE8D6
:10268000008C2DE9804C9A46934670B491E838004E
:1026900007C831EA400C48BF34EA430C03D5FFF7C2
:1026A0008FFDFFF729FFF0BCBDE8008C2DE9804CC1
:1026B0009A46934670B491E8380007C810F0804FEE
:1026C00008BF13F0804F03D100F01AF8FFF756FF50
:1026D000F0BCBDE8008C2DE9804C9A46934670B45E
:1026E00091E8380007C810F0804F08BF13F0804F02
:1026F00003D100F005F8FFF7FFFEF0BCBDE8008C49
:1027000020F07F4780EA030023F07F4C07EB0C03A7
:10271000A3F57C5300F00040A3F1FE0392F0000FFC
:1027200000F0B38095F0000F00F077802DE90149AB
:102730004FEA11404FEA144621EA004800FB06FC2C
:1027400024EA064708FB06F607FB08F800FB07F734
:1027500018EB06484CEB164C4FEA124B18EB0748A7
:102760004FEA15464CEB174022EA0B4E0BFB06FCDA
:1027700025EA06470EFB06F607FB0EFE0BFB07F7E6
:102780001EEB064E4CEB164C4FF000061EEB074EB0
:102790004CEB174B18EB0B0840F1000018EB0E0B3D
:1027A00058EB000840F100008F1A4FF000013CBFC9
:1027B000C943661B14BFB5EB040C00213CBFC943E1
:1027C000F61B4FEA17444EEA8E0E27EA04454FEAFD
:1027D0001C4704FB07622CEA074C05FB07F70CFBC0
:1027E00005F604FB0CFC16EB074642EB174216EB12
:1027F0000C4642EB1C421BEB060658EB0202414121
:1028000046EA9E0601D5BDE80189B619524141EB61
:102810000101A3F10103BDE801894FEA14454FEA24
:10282000114724EA054621EA074C05FB07F406FB9D
:1028300007F70CFB06F105FB0CFC11EB074144EB21
:1028400017444FEA124711EB0C4144EB1C4422EAB7
:10285000074C05FB07F206FB07F70CFB06F605FB2A
:102860000CFC16EB074642EB174216EB0C4642EB0C
:102870001C456A1854F1000148BF7047B61952410F
:1028800041EB0101A3F10103704795F0000F37D030
:102890004FEA11424FEA144721EA024624EA074C64
:1028A00002FB07F106FB07F70CFB06F402FB0CFC2E
:1028B00014EB074441EB17414FEA154714EB0C4466
:1028C00041EB1C4125EA074C02FB07F506FB07F725
:1028D0000CFB06F602FB0CFC16EB074645EB174516
:1028E00016EB0C4645EB1C42121951F1000148BF92
:1028F0007047B619524141EB0101A3F10103704742
:102900004FEA14454FEA114724EA054621EA074CED
:1029100005FB07F106FB07F70CFB06F24FF000067C
:1029200005FB0CFC12EB074241EB174112EB0C428A
:1029300051EB1C4148BF7047921841EB0101A3F1D4
:102940000103704710B5104CE07850B101281AD13E
:1029500003F08CFA00202070E070BDE8104000F019
:10296000A3BB0A4804F0A3F9094804F0A0F90948F8
:1029700004F09DF9084809490068086003F07EFAF0
:1029800001202070E07010BD00000020CC0000206D
:102990000C0100204C0100209C000020A40000201D
:1029A0000349C888052801D2401CC8807047000030
:1029B0000000002010B5124CE07800281FD103F071
:1029C00079FE00210FA30622084603F051FF04F010
:1029D000E9F803F07DFA03F06DFE00210FA3062253
:1029E000084603F045FF04F0DDF84FF47A7001F07B
:1029F00069F80020E070BDE8104000F055BB10BD44
:102A00000000002043616C6962726174696E672026
:102A10004D5055363035302E2E2E000043616C69F6
:102A200062726174696F6E2046696E69736865646D
:102A3000000000000648C17831B1022907D1002109
:102A40000170C17000F030BB02210170C17070478D
:102A500000000020F8B5304C0025607801280CD02B
:102A6000A078012856D1E07838B3032852D1A57058
:102A7000E570BDE8F84000F017BB03F01BFE002135
:102A800026A30622084603F0F3FE04F08BF84FF469
:102A90007A76304601F016F804F098F903F00AFE51
:102AA000002122A30622084603F0E2FE04F07AF891
:102AB000304601F007F86570D9E70320E07003F0B5
:102AC000F9FD1E48012302220521006800F0C8FE1E
:102AD000002100901AA30622084603F0C9FE1D48F3
:102AE0001DA30622B0F9000000901021002003F081
:102AF000BFFEE08800901EA306222021002003F0E4
:102B0000B7FE21A306223821002003F0B1FE04F015
:102B100049F8A570F8BD00000000002053617669F7
:102B20006E6720506172616D2E2E2E0053617665A6
:102B300020436F6D706C6574650000001C00002000
:102B4000416E676C654163634F66667365743A25D1
:102B5000730000001800002020202047595F4F66B6
:102B6000667365742020203A25303564000000002B
:102B700020202053706565644C6576656C20203A92
:102B800025303564000000003C446F75626C654B75
:102B9000343A5361766520506172616D3E000000E9
:102BA0000349C888012801D9401EC8807047000029
:102BB0000000002070B5082360A206212C2003F03D
:102BC0003FFF60A21A212E2003F096FE062360A28A
:102BD00030212C2003F034FF03F0E4FF40F2DC55F9
:102BE000284600F06FFF5CA21A21282003F084FE23
:102BF000E2B20C231A21282003F0E8FF182C04D29B
:102C0000102000F05FFF641CA4B2A4F11800182883
:102C100004D2032000F056FF641CA4B2302CE2D38F
:102C2000284600F04FFF08232A2230212C2003F0F1
:102C300055FD08232A2230212C2003F0C7FF4AA289
:102C40002E21282003F058FE062349A230214020DF
:102C500003F0F6FEE2B210232E21282003F0B6FF87
:102C6000202C04D2102000F02DFF641CA4B2A4F18B
:102C70002000402804D2032000F024FF641CA4B2EA
:102C8000602CDCD3284600F01DFF3BA22E211E2025
:102C900003F032FEE2B20C232E211E2003F096FF39
:102CA000242C04D2102000F00DFF641CA4B2A4F167
:102CB0002400242804D2032000F004FF641CA4B2E2
:102CC000482CE2D3284600F0FDFE03F0F3FC2FA2CF
:102CD00000212E2003F010FE2FA20D211A2003F058
:102CE0000BFE33A21A21282003F006FE34A228216D
:102CF000162003F001FE062336A22B21602003F0EC
:102D00009FFE35A234212A2003F0F6FD03F04AFF8E
:102D10004FF47A6000F0D6FE03F0CCFC32A21A2108
:102D2000282003F0E9FD062333A22821002003F028
:102D300087FEBDE8704003F035BF000053544D33AB
:102D400032000000E5B9B3E8A1A1E8BDA60000008B
:102D500048414C5F43617200E8BDA6E5BAA6E7A909
:102D6000BAE997B400000000E999A4E4BA8600002B
:102D70004F4C454400000000E585B6E4BD99E4BB36
:102D80008EE99BB6E692B0E586990000E69C9FE648
:102D90009CABE69C88000000E68792E68792E69569
:102DA000A3E695A3E4B880E4B8AAE69C88000000F6
:102DB000E58E86E7BB8FE58D83E8BE9B00000000B3
:102DC000E694B9E4BA86E8AEB8E8AEB8E5A49AE508
:102DD000A49A000042554700E7BB88E4BA8EE5AEEE
:102DE0008CE68890EFBC8100E68C89E4B88BE4B86F
:102DF00080E994AE00000000202020202020202028
:102E000020202020202020204B313E00012202499A
:102E1000024802F065BC00008F010020D0050020B0
:102E20002DE9F047DFF8CC9199F8000001286FD127
:102E300071A17248FDF776FB064671A1FDF7BEFB56
:102E400000280CD06FA13046FDF7B8FB6F4C704DD9
:102E500030B170A13046FDF7B1FB002870D0C3E05F
:102E600065A10020FDF75EFB804663A10020FDF711
:102E700059FB07466AA14046FDF7A0FB6A4E0028B1
:102E800038D06AA14046FDF799FB002839D069A1E6
:102E90004046FDF793FB00283BD068A14046FDF774
:102EA0008DFB00283CD067A14046FDF787FB00283A
:102EB0003DD066A14046FDF781FB002843D065A1C7
:102EC0004046FDF77BFB002844D064A14046FDF757
:102ED00075FB98B363A14046FDF770FB78B363A11F
:102EE0004046FDF76BFB60B363A14046FDF766FB10
:102EF00040B379E0384604F0A1FD04F0B7FF30613B
:102F000072E0384604F09AFD04F0B0FF70616BE0A7
:102F10006DE0384604F092FD04F0A8FFB06163E074
:102F2000384604F08BFD04F0A1FF20615CE03846D8
:102F300004F084FD04F09AFF606155E011E017E0B1
:102F40002BE01CE022E0384604F078FD04F08EFF10
:102F5000A06149E0384604F071FD04F087FF286164
:102F600042E0384604F06AFD04F080FF68613BE00F
:102F7000384604F063FD04F079FFA86134E0384678
:102F800004F05CFD04F072FFB0632DE0384604F0FD
:102F900055FD04F06BFFF06326E017A10020FDF75C
:102FA000C1FAFDF7B1FA14A10020FDF7BBFAFDF755
:102FB000ABFA47B210A10020FDF7B4FAFDF7A4FA6E
:102FC00046B20DA10020FDF7ADFAFDF79DFA4FF0D6
:102FD000190897FBF8F005F017FD206096FBF8F054
:102FE000404205F011FD2860002189F80010BDE87D
:102FF000F08700008E0100202C000000840A0020D1
:103000006B657900736C6964657200000C010020C7
:103010004C0100206A6F79737469636B00000000D3
:10302000416E676C654B7000CC000020416E676C90
:10303000654B6900416E676C654B64005370656554
:10304000644B700053706565644B6900537065652F
:10305000644B64005475726E4B7000005475726E50
:103060004B6900005475726E4B640000504F7574CC
:103070004F666673657400004E4F75744F666673D5
:1030800065740000FEE7000002464FF480710148BD
:1030900000F0D1BE0008014002464FF40041014853
:1030A00000F0C9BE0008014010B5002002F0D0FDBC
:1030B000012002F0CDFD022002F0CAFD02480021ED
:1030C0008170417010BD0000000000202DE9F05F0C
:1030D0005E4F83468A46B7F90A0005F049F905466E
:1030E0000C46B7F9060005F043F92A46234604F0DA
:1030F000E5FB574A574B04F0A7FF0022564B05F05B
:103100009DF904F0B3FE5649544C096805F0ECFBF8
:1031100080462060606805F0BBFBDFF84891524BA9
:103120004A4605F08BF905460E46404605F0B0FBD1
:103130004A464E4B05F082F92A46334604F0C8FE53
:1031400004F094FE80466060584605F0A1FB0E46F0
:1031500047490546B7F90200B1F90010084405F0E7
:1031600007F96FF00E0205F051FE0022414B05F009
:1031700065F92A46334605F061F906460D46E068D2
:1031800005F086FB32462B4604F0A2FE04F06EFEEC
:103190000146A060404605F08BFD20F0004005F0A0
:1031A00077FB354D354E2A46334605F047F92A461A
:1031B000334604F08DFE324B2AF000429A42C4E9B5
:1031C00004010ADD4FF060422E4B05F035FA04D2BF
:1031D0002C494FF06040C4E90401D4E904012A46B7
:1031E000294B05F029FA03D227492348C4E90401F1
:1031F000D4E904012A46334605F0E4F803D21F4916
:103200001D48C4E90401A06805F042FBD4E9042389
:1032100005460E461746984600201C4905F04EFA12
:103220002A46334605F00AF905460E46606805F061
:103230002FFB3A46434605F001F92A46334604F08F
:1032400047FE04F013FEE060BDE8F09F780A00201E
:103250006E861BF0F9210940008066C098000020AE
:103260001C0000209A9999999999C93F9999E93F29
:103270001800002000409F407B14AE47E17A743F65
:103280000000A0404D62803FE17A943F0000F03F93
:10329000704700002DE9F0430746C848C1B0817867
:1032A00057EA01027ED0012F01D0022F7BD1814647
:1032B000002978D1002403F0FDF90021C0A30622E3
:1032C000084603F0D5FAC04D0023022205212869E3
:1032D00000F0C6FA0090BDA306220821002003F0EA
:1032E000C7FA002302220521686900F0B9FA0090AC
:1032F000B8A306221021002003F0BAFA002302220C
:103300000521A86900F0ACFA0090B4A306221821A8
:10331000002003F0ADFAB3A306220021322003F00F
:10332000A7FAB24E002302220521306900F098FA74
:103330000090AFA306220821322003F099FA00235F
:1033400002220521706900F08BFA0090A8A30622E2
:103350001021322003F08CFA002302220521B069EB
:1033600000F07EFA0090A2A306221821322003F07A
:103370007FFAA0A306220021582003F079FADFF893
:103380007C82002302220521D8F8100000F068FAA0
:10339000009097A306220821582003F069FA002321
:1033A000022201E099E094E00521D8F8140000F031
:1033B00057FA00908EA306221021582003F058FAE5
:1033C000002302220521D8F8180000F049FA0090E5
:1033D00087A306221821582003F04AFA012F7BD038
:1033E0006FF0070486A306223821002003F040FA7C
:1033F000012300220521A86B00F032FA2827009053
:1034000084A306223946002003F032FA0123002269
:103410000521E86B00F024FA009080A306223946CB
:103420005FF03A0003F024FA7E4801231A46052192
:10343000006800F015FA04F1280100907AA3062232
:103440000D46002003F014FA794801231A4605219D
:10345000006800F005FA009065A306222946322094
:1034600003F006FA734801231A460521006800F0AC
:10347000F7F900905EA306222946582003F0F8F9D8
:10348000B9F8060000906CA3062204F13801002070
:1034900003F0EEF903F086FB0123022205213068D8
:1034A00000F0DEF90446012302220521706800F0D5
:1034B000D7F90246234665A101A8FCF721FF01A820
:1034C000FDF736F882B24FF0FF3301A9634802F0EE
:1034D0004DF941B0BDE8F08320E002F0C7FC03F0F5
:1034E000E9F800215EA30822084603F0C1F961A3B0
:1034F00008221021002003F0BBF962A3082220213A
:10350000002003F0B5F964A308223021002003F065
:10351000AFF941B0BDE8F04303F044BB0123002202
:103520000521F06800F09CF9009031A306223021BB
:10353000322003F09DF94746012300220521D8F8E7
:103540000C0000F08DF9009029A3062230215820AC
:1035500003F08EF9012300220521E86800F080F9CC
:10356000009051A306223021002003F081F90123AD
:103570001A460521286800F073F900904CA3062232
:103580002021002003F074F901231A460521306838
:1035900000F066F9009016A306222021322003F0E5
:1035A00067F901231A460521386800F059F9062207
:1035B000202100900EA3582034E7000000000020D6
:1035C0002020416E676C6500CC000020503A2573C6
:1035D00000000000493A257300000000443A2573BA
:1035E0000000000053706565640000000C010020BD
:1035F000257300005475726E000000004C0100201D
:103600002020203C506172616D20446973706C61B0
:10361000793E00004F4F535025730000204F4F5309
:103620004E257300A4000020413A257300000000DD
:10363000C4000020C80000202020202053706565B1
:10364000644C6576656C3A25640000005B706C6FB5
:10365000742C25732C25735D00000000D00500201C
:103660004B313A53746172742050726F6772616D9E
:10367000000000004B323A43616C6962726174650C
:10368000000000004B333A506172616D2044697351
:10369000706C6179000000004B343A506172616DCA
:1036A00020536176650000004F3A2573000000004A
:1036B000543A25730000000010B50020FFF7E4FC29
:1036C000002002F039FF40F00301002002F0B0FFBB
:1036D000BDE810400120FFF7D7BC10B50020FFF770
:1036E000D3FC002002F028FF20F0010040F002018E
:1036F000002002F09DFFBDE810400120FFF7C4BC90
:1037000003480168486A002200B24A62704700001C
:10371000F804002003480168486A002200B24A62A7
:10372000704700004005002010B53C21044801F01E
:103730003BFBBDE810403C21024801F035BB0000D6
:10374000F80400204005002072B6FEE7064900207C
:10375000C8610648016941F004010161016941F055
:10376000400101617047000018060020002002405F
:10377000064A0021D16106490A6942F002020A6143
:103780004861086940F04000086170471806002051
:1037900000200240044B0022DA61044A136943F01E
:1037A00001031361018070471806002000200240C9
:1037B00014480022C168CB06134904D5CA6942F0F7
:1037C0000202CA611022C3685B0705D5CB6943F0CA
:1037D0000103CB6142F00402C369DB0707D0CB6968
:1037E00043F00403CB61C16921F00101C161A2F57D
:1037F0008071013901D0C2607047C16921F00101B7
:10380000C1617047002002401806002070B50546CF
:1038100000F016FB0646114C09E0681C07D025B1E4
:1038200000F00EFB801BA84201D9032070BDE068A8
:10383000C007F2D1E068800601D52020E060E06892
:10384000C00605D4E069C00702D1E068400703D58F
:10385000FFF7AEFF012070BD002070BD00200240C8
:103860002DE9FE4F8A465D49164680465A4A087938
:1038700002EB00152822401CB0FBF2F402FB1400FE
:10388000002408712746404618F1FF4F06D3022B4B
:1038900000D02D2788F00040804601E003B12B279F
:1038A00005F096F8814605F0AFF8414605F0F5F9C8
:1038B00000238346002E12DD4FF07E50002104E0ED
:1038C000474905F0EDF808F101018846B142F7DB00
:1038D0000146584605F0E4F805F07AF80346002260
:1038E0005FEA09004FF00A0105D1012205E000BF9F
:1038F00090FBF1F0521C0028FADC002E4FF0000C77
:1039000002DD4FF0010001E04FF0000010443044B0
:1039100017B14FF0010201E04FF0000202EB000886
:10392000D04509DA17B14FF0010C01E04FF0000C5F
:10393000AAEB0C02A2EB000C0FB12F55641C002067
:10394000302202E02A55401C641C6045FADBB9F1C4
:10395000000F03D000204A466F460EE02A55641C33
:1039600015E000BF92FBF1FC01FB1C2C92FBF1F275
:103970000CF1300C07F800C0401C002AF2DC401E9D
:1039800005D43A5C2A55401E04F10104F9D5002EF5
:103990001CDD2E20285501200246641C04E000BFD7
:1039A00000EB80004000521CB242F9DB00220BE029
:1039B00093FBF0F797FBF1FC90FBF1F001FB1C7718
:1039C00030372F55521C641CB242F1DB00202855C1
:1039D0002846BDE8FE8F0000940100200000002072
:1039E0000000204110B590F821100022022905D0D6
:1039F0000421816380F82020012010BD01680B683C
:103A000023F00E030B6001680B6823F001030B60C9
:103A100090F84030C46B012101FA03F3636080F831
:103A2000211080F82020104610BD000010B590F83D
:103A300021100024022903D00421816301243DE0E8
:103A400001680A6822F00E020A6001680A6822F022
:103A500001020A601A4A0168914201D1012121E064
:103A6000174A1432914201D110211BE0144A283226
:103A7000914201D1891515E0114A3C32914201D1A0
:103A800089140FE00E4A5032914202D14FF4803136
:103A900008E00B4A6432914202D14FF4801101E0F8
:103AA0004FF08071064A083A5160012180F82110D8
:103AB000002180F82010416B01B18847204610BDDD
:103AC0000800024070B5044600F0BAF90546601CD3
:103AD00002D004480078044400F0B2F9401BA04230
:103AE000FAD370BD080000202DE9F04705462648AE
:103AF0000F460126017E01290FD001218146017662
:103B00002868DFF888804CF25034022808D0A2469A
:103B10002046FFF77BFEA8B131E00220BDE8F08728
:103B20002046FFF773FE08BB0120FFF70FFE20467B
:103B3000FFF76CFED8F81010064621F00401C8F813
:103B400010101CE04FF0FF303860AC6811E02046E8
:103B5000FFF70EFE5046FFF759FED8F8101006008A
:103B600021F00201C8F8101001D03C6007E004F514
:103B70008064D5E9020100EB8120A042E7D8002152
:103B800089F818103046C9E71806002000200240C6
:103B90000348016941F08001016100207047000085
:103BA000002002402DE9F05F07461C4888460024AB
:103BB000017E15461E46012909D001218146017664
:103BC0004CF2503A5046FFF721FE18B122E0022095
:103BD000BDE8F09F012F02D0022F00D00427D3466A
:103BE000DFF83CA0220128463146FCF763FB81B296
:103BF00008EB4400FFF7CEFD5846FFF707FEDAF862
:103C0000102022F00102CAF8102018B9641CE4B296
:103C1000BC42E7D3002289F81820D9E71806002013
:103C200000200240064900200A69120607D5054A0D
:103C30004A60054A4A600969090600D501207047B3
:103C40000020024023016745AB89EFCD2DE9F84FF5
:103C5000DFF8B8910024A9F1040B23460F2709F1DE
:103C6000040AABF1040EC9E00125A5402A40AA428E
:103C70007DD1674ED1F804C0ACEB0608B44532D014
:103C800014DCBCF1030F3AD009DCBCF1000F2AD0E0
:103C9000BCF1010F1CD0BCF1020F31D11DE0BCF111
:103CA000110F17D0BCF1120F2AD119E0B8F5881FF7
:103CB00019D006DCB8F5803F15D0B8F5801F1FD1AC
:103CC00011E0B8F5001F0ED0B8F5041F18D10AE0B6
:103CD000CB6815E0CB681B1D12E0CB6808330FE002
:103CE000CB680C330CE08B682BB1012B4FF0080331
:103CF00003D0456104E0042302E0056100E00023F5
:103D0000FF2A01D8064601E000F104064FEA8405C7
:103D100001D9A5F12005D6F8008007FA05FC28EAAC
:103D20000C0803FA05F548EA0508C6F800804D6856
:103D3000ED0062D5374DAE6946F00106AE61AD6962
:103D400024F0030605F001050095334D06EB050C44
:103D5000DCF80850A607360F07FA06F825EA08052A
:103D6000DFF8B880404503D14FF0000817E044E089
:103D7000DFF8AC80404502D14FF001080FE0DFF8DA
:103D8000A480404502D14FF0020808E0DFF8988097
:103D9000404502D14FF0030801E04FF0040808FA53
:103DA00006F848EA0508CCF808804D68D9F80060A4
:103DB000ED024D4601D5164300E096432E604D6856
:103DC000DAF80060AD02554601D5164300E096438F
:103DD0002E604D68DBF80060AD035D4601D51643EB
:103DE00000E096432E604D68DEF80060ED037546F6
:103DF00001D5164300E096432E60641C0D682A46E8
:103E0000E5407FF431AFBDE8F88F000008040140C1
:103E100000001110001002400000014000080140A5
:103E2000000C01400010014000140140806808406F
:103E300000D0012070470AB1016170470904FBE717
:103E400001488068704700000800002070B5040039
:103E500025D094F83D00002520B984F83C50204638
:103E600000F09AFA242084F83D002068016821F0CF
:103E7000010101602068016841F40041016020688F
:103E8000016821F40041016000F0E4FB4D4A6168E3
:103E9000914201D84C4900E04C49884201D20120AE
:103EA00070BD4B492368B0FBF1F15E6826F03F0618
:103EB0000E435E606368934206D94FF4967359438C
:103EC0004FF47A73B1FBF3F12368491C1E6A26F0A4
:103ED0003F06314319626168914210D84900401E83
:103EE000B0FBF1F2521CC2F30B02042A01D20420EF
:103EF00022E0B0FBF1F0401CC0F30B001CE0A26814
:103F0000F2B301EBC10303EB0116431EB3FBF6F35F
:103F10005B1C43F480431B0549D092B301EBC10203
:103F200002EB0111401EB0FBF1F0401CC0F30B008E
:103F300040F4804040F400402168CA694CF6FF73A9
:103F40009A431043C861D4E907100143206802680E
:103F500022F0C00211430160D4E90301014320684B
:103F6000826848F2FF339A4311438160D4E9050126
:103F700008432168CA6822F0FF021043C86001E0CC
:103F80000EE016E02068016841F00101016025643F
:103F9000202084F83D00256384F83E50002070BD49
:103FA00001EB4106431EB3FBF6F35B1CB3E70120B4
:103FB000C2E701EB4101401EB0FBF1F0401CC0F331
:103FC0000B00B7E7A086010080841E0000093D00B9
:103FD00040420F002DE9FF4F83B00025DDE9107945
:103FE0009A4693460446DDF848800095FFF728FF7F
:103FF000064694F83D0020287CD1192301228849E7
:104000002046009601F01AFD0028F5D194F83C00F6
:1040100001286FD0012084F83C0020680168C9079E
:1040200003D1016841F0010101602068016821F4B9
:1040300000610160222084F83D00402084F83E00A9
:1040400025646762A4F82A90608D20857548E06237
:10405000CDE9008653465A462046049901F0F0FB0C
:1040600000287CD1208DDFF8C091202768B101287D
:1040700014D00228206801681ED041F480610160DC
:104080002068416980690090BCE0206841698169CD
:104090000091016841F400710160B3E0206801689B
:1040A00021F48061016072B62068416981690091E4
:1040B000016841F400710AE041F40061016072B6E8
:1040C0002068416981690091016821F48061016083
:1040D00062B697E0032865D801280CD00228434631
:1040E0004FF000024946204600960BD001F0A6FC96
:1040F000A8BB0CE091E032464146204601F044FD69
:1041000068BB72E001F09AFC48BB72B633E02068ED
:10411000016821F48061016072B620680069616AFB
:104120000870606A401C6062208D401E2085608D92
:10413000401E60853D4846F2A8110068B0FBF1F0D2
:10414000C0EBC00000EB80000090401E009007D044
:1041500020684069C04340070DD50098F5E727E087
:1041600044F8305F6773A573206940F02000206138
:1041700062B625731CE02068016841F4007101609B
:1041800020680069616A0870606A401C6062218D65
:10419000491E2185618D491E618562B621680969C4
:1041A000017026E032464146204601F0EDFC18B190
:1041B000012007B0BDE8F08F20680069616A0870CF
:1041C000606A401C6062208D401E81B22185608D36
:1041D000401E608520684269D243520712D40329E9
:1041E00003D1016821F48061016020680069616A7F
:1041F0000870606A401C6062208D401E2085608DC2
:10420000401E6085208D00287FF464AF84F83D70E7
:1042100084F83E5084F83C50CBE70220C9E7000008
:10422000020010000000FFFF040001001400002045
:104230003EB54FF0FF348DE81C000A4601460123CD
:104240000148FFF7C7FE3EBD140400202DE9FF4FD3
:1042500083B09A46DDE9119793460446DDF8408025
:10426000FFF7EEFD054694F83D0020287FD1192385
:10427000012240492046009501F0E0FB002876D15C
:1042800094F83C00012872D0012084F83C0020689A
:104290000168C90703D1016841F00101016020688C
:1042A000016821F400610160212084F83D00402074
:1042B00084F83E0000262664C4F82480A4F82A90DE
:1042C000608D20852C48E062CDE9007553465A4642
:1042D0002046049901F032FB70B930E02A46394695
:1042E000204601F089FC58B1206C042804D12068D4
:1042F000016841F400710160012007B0BDE8F08F52
:10430000606A216800780861606A401C6062218DE3
:10431000491E89B22185628D521E628522685369C9
:10432000DB435B070BD469B100781061606A401C05
:104330006062208D401E2085608D401E6085208D2E
:104340000028CBD12A463946204601F04BFB0028F5
:10435000CAD154F83D0B016841F40071016020207E
:1043600004F81E09E67766770020C6E7FFE702201B
:10437000C3E70000020010000000FFFF3EB54FF051
:10438000FF348DE81C000A46014601230148FFF76F
:104390005DFF3EBD1404002010B586B000210091E1
:1043A0000191029103910068104988421BD1104C81
:1043B000A06940F00800A061A069694600F008000B
:1043C00004904FF44060009012200190032003906D
:1043D0000848FFF73BFCE06940F48000E061E069D9
:1043E00000F48000049006B010BD000000580040AA
:1043F00000100240000C014002488168027811441C
:104400008160704708000020074810B5016841F03E
:1044100010010160032000F075F80F2000F006F88D
:1044200000F024F8002010BD0020024070B50D4DB2
:1044300004464FF47A712878B1FBF0F00A49096814
:10444000B1FBF0F000F0DCFA48B9102C07D20022E2
:104450002146501E00F036F800206C6070BD01202F
:1044600070BD000008000020140000200C4808B5B2
:10447000816941F001018161816901F001010091CF
:10448000C16941F08051C161C06900F08050009065
:104490000448416821F0E06141F00071416008BDCD
:1044A0000010024000000140002809DB00F01F025C
:1044B000012191404009800000F1E020C0F8001186
:1044C00070470000F0B40E4B1B680C46C3F3022388
:1044D000C3F10705042D00D90425191D072901D2B0
:1044E000002300E0DB1E012606FA05F1491E2140EB
:1044F00099409E40761E16403143F0BC02F0DDBF6D
:104500000CED00E0064900F0070208684FF6FF03D3
:10451000184040EA0220034A104308607047000038
:104520000CED00E00000FA052DE9F0470F4605000C
:1045300061D0434E306800F00700B84209D23068BD
:1045400020F0070038433060306800F00700B842C0
:1045500051D128683B4C810712D5400703D56068CC
:1045600040F4E06060602878000703D5606840F49C
:10457000605060606068A96820F0F00008436060E7
:104580002878C00728D06868012810D02168022840
:1045900010D0890700292EDA616821F00301014358
:1045A0006160FFF74DFC804641F288390DE02168DB
:1045B0008903EFE78901EDE7FFF742FCA0EB080173
:1045C000494502D90320BDE8F0876068696800F0BA
:1045D0000C00B0EB810FEFD1306800F00700B8425B
:1045E0000BD9306820F0070038433060306800F0A5
:1045F0000700B84201D00120E5E72878400705D53B
:104600006068E96820F4E06008436060287800078B
:1046100006D56068296920F4605040EAC1006060F6
:1046200000F038F86168084AC1F30311515CC840D2
:104630000649086006480068FFF7F8FE0020C2E758
:104640000020024000100240028F000814000020E9
:104650000C0000200448054900684968044AC1F379
:104660000221515CC8407047140000200010024035
:10467000128F00080448054900684968044AC1F3DC
:10468000C221515CC8407047140000200010024055
:10469000128F00080E4A51680E4801F00C03042BDB
:1046A00011D0082B0FD10C48C1F38343C903C05C60
:1046B0000AD55168084AC1F34041921E515C054A2F
:1046C0005043B0FBF1F07047044948437047000085
:1046D0000010024000127A00F28E000800093D002E
:1046E0002DE9F84F040070D02078C04DC00749D0A4
:1046F0006868C0F38100012807D06868C0F38100B2
:10470000022809D16868C00306D52868800339D516
:1047100060680028E7D035E06068B0F5803F0BD0D6
:1047200010B1B0F5A02F11D0286820F48030286097
:10473000286820F4802002E0286840F48030286057
:10474000606890B1FFF77CFB06460AE0286840F4F9
:1047500080202860F0E700BFFFF772FB801B642811
:1047600073D828688003F7D50CE0FFF769FB06468D
:1047700005E000BFFFF764FB801B6428F0D82868C1
:104780008003F7D420789A4E80074FF001094FF04C
:10479000000839D5686810F00C0F07D06868C0F3BE
:1047A0008100022809D16868C00306D42868800700
:1047B00014D52069012808D110E02069B0B1C6F8ED
:1047C0000090FFF73DFB074605E00AE1FFF738FBE5
:1047D000C01B0228C4D828688007F7D528686169FB
:1047E00020F0F80040EAC10028600DE0C6F8008023
:1047F000FFF726FB074604E0FFF722FBC01B022859
:1048000023D828688007F7D4207800072CD579486A
:10481000A169D9B1C0F80090FFF712FB074604E088
:10482000FFF70EFBC01B02280FD8686A8007F7D578
:1048300071484FF4FA510068B0FBF1F0009000BFEE
:104840000098411E0091FAD20EE080E0C0F800808E
:10485000FFF7F6FA074604E0FFF7F2FAC01B02285A
:1048600075D8686A8007F7D42078400760D5E86972
:104870000027C00008D4E86940F08050E861E8698A
:10488000012700F0805000905C480168C90513D4EE
:104890000168834641F480710160FFF7D1FA8246D6
:1048A00006E000BFFFF7CCFAA0EB0A0064284ED860
:1048B000DBF80000C005F5D5E06801280AD008B192
:1048C000052813D0286A20F001002862286A20F009
:1048D000040002E0286A40F001002862E06841F22A
:1048E000883B98B1FFF7ACFA82460BE0286A40F0AB
:1048F00004002862EEE700BFFFF7A2FAA0EB0A016E
:1049000059455AD8286A8007F6D50CE0FFF798FA7F
:10491000824605E0FFF794FAA0EB0A0159454CD80E
:10492000286A8007F6D41FB1E86920F08050E8615A
:10493000E06988B36968C1F38101022944D0022883
:10494000C6F8608004D0FFF77BFA044638E034E014
:10495000FFF776FA074604E0FFF772FAC01B022859
:104960002BD828688001F7D4206AB0F5803F05D1A4
:104970006868A16820F4003008436860D4E9080141
:104980000843696821F4741108436860C6F86090B0
:10499000FFF756FA044606E025E000BFFFF750FA9D
:1049A000001B022809D828688001F7D51BE000BF4A
:1049B000FFF746FA001B022802D90320BDE8F88F52
:1049C00028688001F4D40EE00128F7D06868226AD4
:1049D00000F48031914204D1616A00F47010884281
:1049E00001D00120EAE70020E8E7000000100240C3
:1049F0000000424280044242140000200070004047
:104A000010B5401EB0F1807F01D3012010BD4FF0E2
:104A1000E02460610F21601702F04FFD0020A061CB
:104A200007202061002010BD7047704770B590F8D6
:104A30003C20012A26D0012480F83C40022280F844
:104A40003D2003685A689D6822F070060A68324368
:104A50005A600D4B02689A4208D0B2F1804F05D0DF
:104A60000A4B9A4202D00A4B9A4204D1496825F077
:104A700080031943916080F83D40002180F83C108C
:104A8000084670BD022070BD002C014000040040AB
:104A90000008004010B5040003D094F83D0010B1A8
:104AA00007E0012010BD002084F83C00204600F003
:104AB0001FF8022084F83D00211D206802F07AFAD8
:104AC000012084F8460084F83E0084F83F0084F812
:104AD000400084F8410084F8420084F8430084F8E0
:104AE000440084F8450084F83D00002010BD00001B
:104AF00008B5114A01681148914211D1816941F408
:104B0000006181618069002200F40060009011461C
:104B10001920FFF7D7FCBDE808401920FFF7C4BCF7
:104B2000B1F1804F07D1C16941F00101C161C06994
:104B300000F00100009008BD002C01400010024070
:104B400090F83D10012901D001207047022180F822
:104B50003D100168CA6842F00102CA6000680B4952
:104B6000884208D0B0F1804F05D00949884202D070
:104B70000849884204D1816801F00701062903D061
:104B8000016841F00101016000207047002C0140E4
:104B9000000400400008004070B5044690F83C0056
:104BA0000025012817D0012684F83C60022084F8F3
:104BB0003D002068826822F0770222F47F42826002
:104BC0000868502838D00DDC20284FD005DC90B381
:104BD000102811D14AE0022070BD302846D040286C
:104BE0000AD13BE060282FD070280DD0B0F5805F4F
:104BF00003D0B0F5005F12D0012584F83D6000209D
:104C000084F83C00284670BDCB68D1E901212068BA
:104C100002F019FA2068816841F0770109E0CB6859
:104C2000D1E90121206802F00EFA2068816841F480
:104C300080418160E1E719E0CA684968206802F0B4
:104C4000B7FA5021206806E0CA684968206802F077
:104C5000C0FA6021206802F000FACEE7CA6849680D
:104C6000206802F0A5FA40212068F4E72268014696
:104C70001046F0E72DE9F0410D46040003D094F80A
:104C80003D0018B108E00120BDE8F081002084F863
:104C90003C00204600F040F8022084F83D002068E7
:104CA000816844F2070291438160211D206802F06F
:104CB00081F9226890689169166A2B68AF6903438D
:104CC00040F20330814341EA0721A868EF690843B5
:104CD0004FF6FC418843E96840EA07200143286910
:104CE0002F6A000140EA0730084369686D6926F0C1
:104CF000220646EA0515294393602268906154F81C
:104D0000460B0162012004F81F09E0752076E07669
:104D10002077A0750020B7E710B586B0002100917C
:104D20000191029103911B4C03681B48C021012291
:104D3000A34214D1C36943F00203C361C36903F002
:104D400002030493836943F0040383618069009143
:104D500000F00400049002926946104816E0104CDE
:104D6000A34215D1C36943F00403C361C36903F0CF
:104D700004030493836943F008038361806900910D
:104D800000F008000490029269460648FEF75EFFB4
:104D900006B010BD000400400010024000080140B1
:104DA00000080040000C014070B590F83E600446D9
:104DB00090F83F5090F8423090F84320022021B103
:104DC00004290ED0012E1BD114E0012E18D1012B85
:104DD00016D184F83E0084F84200012200212068A8
:104DE00020E0012D0CD1012A0AD184F83F0084F87B
:104DF000430014E0012D03D1012B01D1012A01D080
:104E0000012070BD84F83E0084F83F0084F8420021
:104E100084F8430001220021206802F007F90122F2
:104E20000421206802F002F92068016841F00101C4
:104E30000160002070BD70472DE9F0410446006814
:104E4000C66805694FF00007A90713D5B10711D54A
:104E5000F91E0161012020772068806980072046C3
:104E600002D0FFF7E8FF04E000F0A2F8204600F0CF
:104E700034F92777680716D5700714D521686FF0C5
:104E800004000861022020772068806910F4407FC8
:104E9000204602D0FFF7CFFF04E000F089F820465B
:104EA00000F01BF92777280715D5300713D521689F
:104EB0006FF008000861042020772068C06980072F
:104EC000204602D0FFF7B7FF04E000F071F820465B
:104ED00000F003F92777E80616D5F00614D5216807
:104EE0006FF010000861082020772068C06910F476
:104EF000407F204602D0FFF79EFF04E000F058F804
:104F0000204600F0EAF82777E80708D0F00706D037
:104F100021686FF001000861204600F02DF9280695
:104F200008D5300606D521686FF08000086120465C
:104F3000FFF77AFD680608D5700606D521686FF080
:104F400040000861204600F0F3F9A8060AD5B00633
:104F500008D521686FF0200008612046BDE8F041C7
:104F6000FFF763BDBDE8F08100B585B00021009179
:104F70000191029103910068B0F1804F11D10A486C
:104F8000816941F0040181618069694600F0040093
:104F90000490032000900220019003900348FEF744
:104FA00055FE05B000BD00000010024000080140A1
:104FB000704770B5044690F83C0000260D46012865
:104FC0000FD0012084F83C006AB1042A1DD0082AC1
:104FD0002FD00C2A3FD00126002084F83C00304618
:104FE00070BD022070BD206802F040F82068816921
:104FF00041F0080181612068816921F0040181612B
:10500000206881692A69114311E0206802F056F88E
:105010002068816941F4006181612068816921F41F
:1050200080618161206881692A6941EA0221816188
:10503000D2E7206802F06EF82068C16941F00801EB
:10504000C1612068C16921F00401C1612068C169A2
:105050002A69114311E0206802F088F82068C169CC
:1050600041F40061C1612068C16921F48061C161BE
:105070002068C1692A6941EA0221C161ACE710B523
:10508000040003D094F83D0010B107E0012010BDEA
:10509000002084F83C00204600F01EF8022084F82E
:1050A0003D00211D206801F085FF012084F84600A5
:1050B00084F83E0084F83F0084F8400084F8410002
:1050C00084F8420084F8430084F8440084F84500E2
:1050D00084F83D00002010BD7047704710B50446AD
:1050E000022249B104290ED0082913D094F84100B6
:1050F000012816D0012010BD94F83E000128F9D1F6
:1051000084F83E200FE094F83F000128F2D184F8A3
:105110003F2008E094F840000128EBD184F84020BB
:1051200001E084F841200122206801F07FFF0F494F
:105130002068884203D1426C42F4004242642068F5
:10514000884208D0B0F1804F05D00949884202D08A
:105150000849884204D1816801F00701062903D07B
:10516000016841F001010160002010BD002C0140E8
:1051700000040040000800402DE9F05F00685F492E
:1051800088427DD100F096FD5D4C5E4D0026208862
:1051900004F11C08401C80B220806188491C618099
:1051A0000A284BD3584800F0EBFE5848A169FDF798
:1051B0008DFF574857490068884202DC56498842AB
:1051C00004D92878012804D12E7002E02978012919
:1051D00004D0002001F010FE00202CE0C8F80400EC
:1051E000474847461C3001F06DFDF86803F0F0FBBE
:1051F0002081B4F90A10642301EBD17200EB620143
:10520000A0EB620009B202B2A1805842E280642998
:1052100001DDA38002E0814200DAA080642A01DD82
:10522000E38002E0824200DAE080B4F9040001F099
:10523000E3FDB4F9060001F00BFE268060883228F9
:1052400059D36680FEF75CFA03F092F8334E0022E1
:10525000334602F0F9FEDFF8C8A0324F52463B4613
:1052600002F0F2FEDFF8C090DFF8C0B04A465B46BD
:1052700002F0EAFE02F0FAFDE060FEF74BFA00E011
:1052800039E003F075F80022334602F0DDFE5246A5
:105290003B4602F0D9FE4A465B4602F0D5FE02F0DC
:1052A000E5FD07462061E0683946814603F01CFBB6
:1052B0004FF0FF3103F0D8FD06466061394648469D
:1052C00003F0F6FCA0612878012814D10C4D5C3560
:1052D00028466E6001F0F6FCE868403580F0004139
:1052E000C8F80010A0696860284601F0EBFCE86887
:1052F00003F06EFB6081BDE8F09F0000002C0140D0
:10530000B000002000000020780A00200AD7233CCB
:10531000A400002000004842000048C200004640AF
:1053200004392861A68D22409A9999999999A93FA3
:105330007047704770470000F8B501680446086878
:10534000CA684B6910F00F0F4FF0000559D003F0F9
:10535000010602F49077374365D0C10705D0D10527
:1053600003D5616C41F001016164410705D5D9079E
:1053700003D0616C41F002016164810705D5D90752
:1053800003D0616C41F004016164010707D502F0AC
:105390002001314303D0616C41F008016164616C0C
:1053A00000293AD0800604D5900602D5204601F0A7
:1053B00051FF20684069616CC0F38010090700D478
:1053C00060B3204601F01FFF20684069400621D5E8
:1053D0002068143050E8001F21F0400140E800121E
:1053E000002AF5D1E06BA8B16D494163E06BFEF78F
:1053F0001DFB002811D0E06B416B01B0BDE8F0400F
:10540000084783060FD593060DD52046BDE8F84022
:1054100001F020BF2046FFF78DFFF8BD2046FFF7C3
:1054200089FF6564F8BD266B2023012E7CD1C6065A
:105430007AD5D60678D508684868009048694FF054
:105440000206400640D5E16B086840680004000C85
:10545000E8D0A28D8242E5D9E085886920282DD048
:1054600020680C3050E8001F21F4807140E80012E1
:10547000002AF5D12068143050E8001F21F0010106
:1054800040E80012002AF5D12068143050E8001FCF
:1054900021F0400140E80012002AF5D184F84230A2
:1054A000256320680C3050E8001F21F0100140E80F
:1054B0000012002AF5D1E06BFEF794FA6663A08D26
:1054C000E18D401A81B22AE0A08DE18D401A81B2AF
:1054D000E08D0028A6D00029A4D022680C3252E822
:1054E000000F20F4907042E80007002FF5D12068EB
:1054F000143050E8002F22F0010240E80027002F6E
:10550000F5D184F84230256320680C3050E8002F34
:1055100022F0100240E80023002BF5D166632046FC
:10552000FFF707FFF8BDFFE705062BD5150629D5C0
:1055300094F841002128F5D1A068B0F5805F01D131
:105540002069B0B1206A411C21622168007848605E
:10555000E08C401E0004000CE084E3D12068C168A8
:1055600021F08001C1602068C16841F04001C16044
:10557000D8E7206A0088C0F308004860206A801CD1
:105580002062E5E74006CDD55006CBD5CA68204657
:1055900022F04002CA6084F8413000F037F9C1E7D8
:1055A000F771000870B5040004D094F8410000259C
:1055B00010B106E0012070BD84F84050204600F094
:1055C00023F8242084F841002068C16821F40051A8
:1055D000C160204601F0A0FE2068016921F49041DD
:1055E00001612068416921F02A0141612068C16898
:1055F00041F40051C1606564202084F8410084F8C2
:1056000042006563002070BD70B586B00024009430
:105610000194029403942E4E03682E490220032223
:105620002D4DB34226D18B6943F480438B618B6946
:1056300003F4804304938B6943F004038B6189690D
:10564000039201F0040104910102CDE900106946C2
:105650002846FEF7FBFA2815CDE9000469462846DE
:105660000294FEF7F3FA002211462520FEF72AFFE6
:10567000252028E0194EB34227D1CB6943F40033EB
:10568000CB61CB6903F4003304938B6943F00403CB
:105690008B618969039201F0040104910421CDE931
:1056A000001069462846FEF7D1FA0820CDE900042B
:1056B000694628460294FEF7C9FA002211462620C0
:1056C000FEF700FF2620FEF7EFFE06B070BD0000DB
:1056D0000038014000100240000801400044004032
:1056E00090F84230202B01D00220704721B11AB12E
:1056F0000023036301F06CBE0120704730B40068E2
:105700001649884227D1164800210122037813B197
:10571000012B07D013E0C3785B2B10D1837873B9CA
:1057200002700BE0C4780F4B5D2C0FD041785C54B5
:10573000491CC9B24170632901D3632141700849F2
:10574000012230BCC91C0848FFF7CABF0170447869
:1057500019558270F3E730BC7047000000440040E8
:105760008C010020840A0020D00500202DE9F84398
:10577000044690F84100984616460D46202802D06F
:105780000220BDE8F88385B17EB10020606421204D
:1057900084F84100FEF754FBA6848146E684A068A5
:1057A0002027B0F5805F02D003E00120E9E72069FF
:1057B00010B12E4600250EE000260CE08021204688
:1057C00001F021FEA8B9C6B116F8010B21684860A6
:1057D000E08C401EE084E08C4B464FF00002CDF898
:1057E00000800028EAD14FF04001204601F00BFE76
:1057F00040B184F841700320C3E735F8020BC0F3D1
:105800000800E3E784F841700020BAE77047FEE73C
:1058100001684A69D24352050FD46FF480624A612D
:10582000002140F8301F202242738173026942F048
:1058300004020261017301207047002070470000DC
:105840002DE9F84F0446006889460B9D016898468B
:10585000174641F4806101602068016841F480715D
:10586000016000954FF0011B0022594620460A9B1B
:1058700000F0E4F84FF4007A40B120680068C005F9
:1058800001D5C4F840A00320BDE8F88F216809F0D5
:10589000FE0008612B46284920460A9A00F016F9B6
:1058A000F0BB20684169806900902A4620460A9929
:1058B00000F0A2F940B1206C04283AD120680168B8
:1058C00041F40071016034E0FEB2B8F1010F09D07B
:1058D0002168380A08612A4620460A9900F08CF9A6
:1058E0000028E8D1206806612A4620460A9900F07F
:1058F00083F90028DFD12068016841F480710160DC
:1059000000950022594620460A9B00F097F800288F
:10591000B3D1216809F0FF0040F00100086100E008
:1059200007E02B46044920460A9A00F0CFF80028E9
:10593000AAD00120A8E70000020001002DE9F843E9
:10594000044600680D46DDE908970168984616464A
:1059500041F4807101604B4600224FF00111204656
:10596000009700F06BF848B120680068C00502D5C8
:105970004FF4007020640320BDE8F883216805F02F
:10598000FE0008613B464A461549204600F09EF855
:1059900088B920684169806900903A4649462046A6
:1059A00000F02AF948B1206C042804D1206801686D
:1059B00041F4007101600120DEE7F5B2B8F1010F9A
:1059C00009D02168300A08613A464946204600F06D
:1059D00013F90028E7D1206805610020CCE700001A
:1059E0000200010070B516460D4604461EE0204632
:1059F000FFF70EFF08B1012070BD681C16D0FEF73E
:105A00001FFA801BA84200D885B920684069C043AE
:105A100040070BD5002044F8300F20216173A0739C
:105A2000216941F0200121612073E4E72068406989
:105A3000C0434007DBD4002070BD00002DE9F047D3
:105A4000984617460D460446C1F30746DDF82090F8
:105A50002AE000BFB8F1FF3F26D0FEF7F1F9A0EB36
:105A60000901414502D8B8F1000F1DD12068012E6F
:105A700016D0806925EA00000004000C12D0002036
:105A8000B84211D1002044F8300F20216173A07377
:105A9000216941F02001216120730120BDE8F087D8
:105AA0004069E7E70120EBE72068012E0AD0806912
:105AB00025EA00000004000C06D00020B842C9D03E
:105AC0000020EBE74069F3E70120F7E72DE9F04715
:105AD000984616460D4604464FF000094FF0200A3E
:105AE000C1F3074723E020684069C043400515D44F
:105AF0002068016841F40071016021686FF48060E2
:105B00004861C4F8309084F83DA084F83E90216C40
:105B100041F00401216484F83C9021E0701C06D01F
:105B2000FEF78EF9A0EB0800B04203D816B1012FA2
:105B30001FD021E02068012F15D0806925EA0000E0
:105B40000004000C18D000BF44F8309F84F80DA06A
:105B500084F80E90216941F02001216184F80C90B5
:105B60000120BDE8F087406925EA00000004000C30
:105B7000EAD12068406901E02068806925EA0000D8
:105B80000004000CAFD1ECE72DE9F0410025904670
:105B90000E460446202728E04069C043C0060CD4C6
:105BA00054F8301B6FF01000486144F810596777C3
:105BB000A577206A2062257714E0FEF741F9A0EB73
:105BC0000800B04200D886B920684069C04340064A
:105BD0000BD544F8305F6773A573206940F020004F
:105BE000206125730120BDE8F08120684169C94327
:105BF0004906D1D40020F6E770B516460D46044696
:105C00001EE02046FFF704FE08B1012070BD681CAD
:105C100016D0FEF715F9801BA84200D885B9206878
:105C20004069C04300060BD5002044F8300F202106
:105C30006173A073216941F0200121612073E4E7C1
:105C400020684069C0430006DBD4002070BD00001E
:105C5000042801D30020704700EB80010348002294
:105C600000EB8101087A0A727047000038000020BA
:105C700010B50A4800F0E8F8094800F0EBF80948C8
:105C800000F0D0F8084800F0D3F8084800F0D6F843
:105C9000BDE81040064800F0E3B800007D6D000844
:105CA000117E0008697A00088D7A0008757B00086B
:105CB000137E00082DE9F047594F00264FF0010AE6
:105CC000B046A7F1180900BF06EB860007EB800479
:105CD00057F82000A188FEF7A9F80546A079052805
:105CE0000CD2DFE800F0030820587F00002D05D11A
:105CF00084F806A04CE015B1012D11D089E0E079BF
:105D0000401CC0B2E07114280CD30220A07184F8AA
:105D10000780A4F80A8084F80E80D9F8001075E096
:105D200084F8068075E06089401C80B26081A17BA8
:105D300061B940F2DC51884217D384F80EA0D9F83B
:105D4000101019B130468847A07B70B1207C70B923
:105D50006089B0F5FA6F17D384F810A0A4F8128008
:105D6000D9F8141019B130468847207C60B1608A98
:105D7000401C80B26082642806D3A4F81280D9F84F
:105D8000141009B130468847012D42D10320A0717B
:105D900084F807803DE0012D3BD1E079401CC0B282
:105DA000E071142835D384F8078084F808A0227C99
:105DB000404651461AB1A0712074608229E0A27B4E
:105DC0001AB1A071A073E07323E0E27B012A04D032
:105DD0000422A271A081E1731BE0E073A071D9F8E5
:105DE0000C1013E0A089401C80B2A081002D3FF46C
:105DF0007FAF96280DD384F8068084F80F80D9F8F9
:105E000004104C4609B130468847A16809B13046B4
:105E10008847761CF6B2042EFFF456AFBDE8F08733
:105E200038000020014988607047000020000020F1
:105E30000149C86070470000200000200149086146
:105E400070470000200000200149086070470000F2
:105E50002000002001494860704700002000002019
:105E600001494861704700002000002001225103D1
:105E70000148FDF7E0BF00000010014000224FF490
:105E800000510148FDF7D7BF001001400548064A00
:105E900041881180054A4168116005490089C88020
:105EA00070470000E80A0020180000201C000020B5
:105EB0000000002010210148FDF7B8BF000C014090
:105EC000024620210148FDF7B6BF0000000C01404A
:105ED0002DE9F04F002789B03C463D464FF0C809F8
:105EE0003E460DF11C0B04A9CDE9001B06AB03AA2D
:105EF00005A902A800F064F8BDF910000744BDF937
:105F00000C0002F035FA80468A46BDF9080002F01E
:105F10002FFA4246534601F0D1FC154A154B02F0C8
:105F200093F80022144B02F089FA22462B4601F026
:105F3000CFFF04460D460520FDF7C4FD761C4E45F7
:105F4000D1DB97FBF9F00D4E40423080484602F01D
:105F50000FFA02460B462046294602F075F801F07A
:105F600085FF80F00040706009B0BDE8F08F000050
:105F700044174154FB210940008066C018000020EE
:105F80001FB504460E2269463B2000F05DF8BDF8BF
:105F9000000040BAE080BDF8020040BA2081BDF8A0
:105FA000040040BA6081BDF8080040BA2080BDF806
:105FB0000A0040BA6080BDF80C0040BAA0801FBD46
:105FC0002DE9FF471546DDE90C890E4607461C46BC
:105FD0000E2269463B2000F037F8BDF8000040BAB9
:105FE0003880BDF8020040BA3080BDF8040040BAE5
:105FF0002880BDF8080040BA2080BDF80A0040BAE9
:10600000A8F80000BDF80C0040BAA9F80000BDE8EF
:10601000FF8710B501216B2000F01CF800216C20D7
:1060200000F018F80021192000F014F800211A20BF
:1060300000F010F818211B2000F00CF81821BDE822
:1060400010401C2000F006B813460A460146D02036
:10605000FEF7EEB813B50146012301AAD020FEF7E2
:106060008DF91CBD2DE9F04786B00024404800940E
:10607000019402940394816941F010018161816966
:1060800001F010010491816941F020018161816971
:1060900001F020010491816941F00401816181696D
:1060A00001F004010491816941F008018161806976
:1060B000DFF8C08000F008004FF400550490002283
:1060C00029464046FDF7B7FEDFF8ACA04FF22806A0
:1060D000002231465046FDF7AEFEDFF8A0900022C8
:1060E00069114846FDF7A7FE0122D1034846FDF796
:1060F000A2FE4FF44077012239465046FDF79BFE41
:106100000220CDE9024000950125694601954046EF
:10611000FDF79CFD30208DE8310069464846FDF7CB
:1061200095FD13208DE8310069465046FDF78EFD40
:10613000CDE900650326CDE9024669465046FDF7E4
:1061400085FD4FF40140CDE90005CDE902466946E1
:106150004846FDF77BFD01AA1120009782E8610007
:1061600069465046FDF772FD06B0BDE8F0870000B5
:106170000010024000100140000C014000080140E6
:106180000D4810B50B4901600C49416000214FF4E6
:1061900080428160C0E9031241618161C161016295
:1061A000FDF754FE002803D0BDE81040FDF7CCBA3F
:1061B00010BD00000058004014040020801A0600A2
:1061C00010B586B0002418480094019402940394FA
:1061D00004941449059401604721C0E9011440F278
:1061E000E731C0E903148021C0E90541FEF752FC04
:1061F00008B1FDF7A9FA4FF48050009069460A48AB
:10620000FEF7CAFC08B1FDF79FFA049404A90648FA
:106210000594FEF70BFC002801D0FDF795FA06B0B7
:1062200010BD0000002C01406804002010B58EB0A5
:1062300000240794089409940A940B941C2168463E
:106240000C94FAF794F922484FF080410160232121
:10625000C0E901146321C0E9031480218161FEF7C4
:1062600019FC08B1FDF770FA4FF48050079007A9A8
:106270001748FEF791FC08B1FDF766FA1448FEF7DF
:10628000FEFE08B1FDF760FA0B940BA910480C94C0
:10629000FEF7CCFB08B1FDF757FA6020CDE900040A
:1062A0000294002269460A480494FEF782FE08B16F
:1062B000FDF74AFA042269460548FEF77AFE08B15E
:1062C000FDF742FA0248FEF74FFE0EB010BD000087
:1062D000B004002010B58CB024216846FAF747F9C5
:1062E00000241648099414490A94C0E900144FF692
:1062F000FF71C0E90241046184610320CDE900041B
:106300000120CDE902040F210491CDE90540CDE93A
:10631000074169460948FEF7ADFC08B1FDF714FADC
:10632000099409A905480A94FEF780FB002801D0CA
:10633000FDF70AFA0CB010BD00040040F80400207C
:1063400010B58CB024216846FAF711F900241748DB
:10635000099415490A94C0E900144FF6FF71C0E989
:106360000241046184610320009002200190012019
:10637000CDE902040F210491CDE90540CDE90741A3
:1063800069460A48FEF776FC08B1FDF7DDF9099485
:1063900009A906480A94FEF749FB002801D0FDF739
:1063A000D3F90CB010BD00000008004040050020EB
:1063B0000C4810B50A4901604FF4E13141600021F9
:1063C00081600C22C160C0E904128161C161FFF7E4
:1063D000E9F8002803D0BDE81040FDF7B5B910BDBD
:1063E00000380140880500200C4810B50A490160BA
:1063F0004FF416514160002181600C22C160C0E958
:1064000004128161C161FFF7CDF8002803D0BDE817
:106410001040FDF799B910BD00440040D0050020A0
:10642000FEE7000010B500210448FEF757FEBDE866
:10643000104004210148FEF751BE0000B0040020C6
:1064400030B585B0002504460495FDF7EBFB01202F
:10645000CDE9024004A900956846FDF745FBFDF72C
:1064600097FB05B030BD70B50C460546FDF7DAFB6D
:106470002246002329460120FDF794FBBDE8704029
:10648000FDF786BB00887047FEE710B50020FCF7DB
:1064900003FEE22000F07CFCBDE810400120FCF788
:1064A000FBBD10B50020FCF7F7FDE12000F070FC0B
:1064B000BDE810400120FCF7EFBD000010B5002042
:1064C000FCF7E2FD002000F05BFC0120FCF7E4FD9E
:1064D0000821002000F0ACF83F21012000F0A8F8CE
:1064E0000121022000F0A4F80321084600F0A0F8E2
:1064F0000321042000F09CF80221052000F098F808
:106500000E21062000F094F805220A490A2000F026
:10651000A1F82021112000F08BF8FFF7C2FFFFF750
:10652000B4FF7021072000F083F8BDE81040FDF7AC
:10653000C3B800008D00002010B504460020FCF711
:10654000ABFD204600F024FCFF2000F021FC0446B7
:106550000120FCF7A1FD204610BD000070B5002011
:10656000FCF79AFD612000F013FC074D0024FF208A
:1065700000F00EFC2855641CE4B2202CF7D3BDE8D3
:1065800070400120FCF788BD5806002010B500209F
:10659000FCF782FDFF2000F0FBFB04460120FCF726
:1065A0007BFD204610BD10B5FFF7F0FF0446400606
:1065B0000AD5FFF7D3FF44F04001072000F038F878
:1065C000FFF763FF012010BD002010BD70B505224C
:1065D0001649102000F03EF8052214490A2000F068
:1065E00039F800F04FF8FDF778F8002442F2107601
:1065F000FFF7CCFF0546800607D4E80603D4641CE9
:10660000A4B2B442F4D9FFF759FF2946072000F09D
:106610000FF8FFF746FF05490522491D0A2000F043
:1066200019F8BDE87040FDF747B800008800002069
:1066300070B504460D460020FCF72EFD44F0200006
:1066400000F0A6FB284600F0A3FBBDE87040012047
:10665000FCF722BD70B5044615460E460020FCF737
:106660001BFD44F0200000F093FB002403E0305DAC
:1066700000F08EFB641CAC42F9DBBDE870400120E9
:10668000FCF70ABD70B50020FCF706FDA02000F065
:106690007FFB074D0024285D00F07AFB641CE4B208
:1066A000202CF8D3BDE870400120FCF7F5BC0000B9
:1066B0003806002010B50021074C0A46002004EBE4
:1066C000C1131A54401CC0B28028FAD3491CC9B265
:1066D0000829F3D310BD000078060020F0B50B4464
:1066E00024E0044685181DE07F2C19D8002917DB0B
:1066F0003F2915DCCE1701EB56764FEAE60C0D4F1D
:1067000026F0070607EBCC172744A1EB060E97F8F7
:1067100000C0012606FA0EF62CEA060C87F800C027
:10672000641C24B2A542DFDC491C09B28B42D8DCD0
:10673000F0BD00007806002010B500204FF47A72FA
:106740000021491C9142FCD3401C9042F8D3012007
:1067500000F06CFABDE81040012000F073BA70B58B
:1067600000240646802525FA04F0304000D00120A0
:1067700000F068FA012000F059FA002000F056FA03
:10678000641CE4B2082CEED3012000F04FFABDE8FF
:106790007040002000F04ABA10B5012000F052FA13
:1067A000012000F043FA002000F04CFABDE8104050
:1067B000002000F03BBA10B5002000F043FA0120A1
:1067C00000F034FABDE81040012000F03BBA10B5EB
:1067D0009620FDF777F9FFF7AFFFAE2000F03EFA05
:1067E000D52000F03BFA802000F038FAA82000F015
:1067F00035FA3F2000F032FAD32000F02FFA0020C3
:1068000000F02CFA402000F029FAA12000F026FA2E
:10681000C82000F023FADA2000F020FA122000F05D
:106820001DFA812000F01AFACF2000F017FAD920C3
:1068300000F014FAF12000F011FADB2000F00EFA5B
:10684000302000F00BFAA42000F008FAA62000F097
:1068500005FA8D2000F002FA142000F0FFF9AF20B5
:1068600000F0FCF9FFF726FFBDE8104000F09AB9F0
:106870000FB470B5C0B014460D46064648AA684627
:106880004799F9F72BFD23466A462946304600F022
:10689000D7F840B070BC5DF814FB10B50C4640F062
:1068A000B00000F0DBF9102040EA141000F0D6F937
:1068B00004F00F00BDE8104000F0D0B908B5082B77
:1068C0000DD0062B0AD10A4B02EB420203EB420227
:1068D000C03A00920823062200F054F808BD054B88
:1068E00003EB0212A2F50072102300920822F3E7D4
:1068F0000A9500081A8F00082DE9FC5F00249046D5
:106900008B4682462546DFF87490019430E001A959
:106910000855641CE4B2032C28D30024264606E064
:10692000384601A9F9F74AFE58B1761CF6B2C6EB13
:10693000C60109EB8100074611A1F9F73FFE0028C7
:10694000EED1681C0321B0FBF1F000EB40010AEB33
:106950008100C6EBC60209EB8201091D0C380C232D
:10696000009100B21A46594600F00CF86D1CEDB2C9
:1069700018F805000028CAD1BDE8FC9F3C99000822
:10698000000000002DE9F04F1F4616460D468246D6
:106990000024FFF7A3FE7F1EF81707EB50700121BC
:1069A000DFF898B001EBE00743E000203DE000BFD6
:1069B0000AEB00037F2B36D8E91705EB5171CA109B
:1069C00021F00701691A002D03DA521E083112B2B4
:1069D00009B202EB0409B9F1070F0ED8099A04FBBA
:1069E00006F802440BEBC91E18F802201EF803C07B
:1069F0008A404CEA020C0EF803C009F10102072A92
:106A000011D80BEBC91202EB0308099A04FB06FC30
:106A1000024498F880301CF80220C1F10801CA40F5
:106A2000134388F88030401CC0B2B042C0D3641C0D
:106A3000E4B2A742B9DCBDE8F08F00007806002080
:106A40002DE9FF4F002483B09B4690462546A24681
:106A5000DFF848919AE0100610D403988DF80420CE
:106A6000641C2844A4B28DF805A000B25B460499CA
:106A7000FFF724FF05EB0B0085B287E00620B0EBA3
:106A8000521F0ED1641CA0B28DF8042018F800101B
:106A9000002970D08DF80510401C84B28DF806A036
:106AA0003CE00E20B0EB121F16D1641CA0B28DF892
:106AB000042018F8001000296DD0401C80B28DF819
:106AC000051018F80010002965D08DF80610401C3C
:106AD00084B28DF807A021E01E20B0EBD20F1FD1A9
:106AE000641CA0B28DF8042018F80010002952D0C0
:106AF000401C80B28DF8051018F8001000294AD00B
:106B0000401C80B28DF8061018F80010002942D001
:106B1000401C8DF8071084B28DF808A0002609E00B
:106B2000641CA4B232E0384601A9F9F747FD58B118
:106B3000761CB6B206EBC60109EB8100074618A128
:106B4000F9F73CFD0028EED1BBF1080F03D0BBF1F3
:106B5000060F1BD110E006EBC60109EB8100001DFA
:106B6000009003981023284400B21A460499FFF7B6
:106B700009FF103509E00EE003980623284400B20F
:106B80003F220499FFF79AFEAD1DADB218F804201C
:106B9000002A7FF460AF07B0BDE8F08F449700088B
:106BA0000000000070B5084D002400212046FFF7CA
:106BB00074FE05EBC410802100F061F8641CE4B29F
:106BC000082CF2D370BD0000780600202DE9F041BA
:106BD0000646C81701EB5070C410C8189046401EF6
:106BE000C21700EB5270012202EBE00005B200294F
:106BF00002DA6D1E2DB2641E0B4F11E07F2E0DD8F0
:106C0000002C0BDB072C09DCF1B2E0B2FFF745FEEC
:106C100007EBC4103044414600F031F8641C24B244
:106C2000AC42EBDBBDE8F0817806002008B1012220
:106C300000E000224FF480710148FDF7FCB800002D
:106C4000000C014008B1012200E000224FF4007165
:106C50000148FDF7F0B80000000C014010B50446F3
:106C6000FFF79AFD7820FFF77AFD0020FFF777FD08
:106C70002046FFF774FDBDE81040FFF79CBD70B5DE
:106C80000D460646FFF788FD7820FFF768FD402097
:106C9000FFF765FD002404E0305DFFF760FD641C34
:106CA000E4B2AC42F8D3BDE87040FFF784BD0021E8
:106CB000016041608160C160C161016241628162C5
:106CC000C162704770B50446C0692062D4E9000112
:106CD00001F0EEFF05460146E061206901F0E0FEAB
:106CE0006062606910F0FF4F06D0294601F0D8FEBF
:106CF000A16A01F0F9FD00E00020A062216B01F023
:106D00009BFF01D2206BA062616BA06A01F094FE30
:106D100001D2606BA062D4E9010101F0C9FF014614
:106D2000A06980F0004001F0BBFE0546E062D4E9B6
:106D3000090101F0D9FD294601F0D6FDE060B0F56A
:106D4000000F03DBA16B01F0CFFDE06010F1FF4FFE
:106D500003D3E16B01F0C8FDE060216B01F06CFF33
:106D600001D2206BE060616BE06801F065FE01D24A
:106D7000606BE0606068A06070BD704770470000A5
:106D8000024608210148FDF756B80000000C0140FA
:106D900070B504460025200601D5012000E0002042
:106DA000FFF78EF86006040E0120FFF7E9FFFFF7FA
:106DB00081F808B144F001040020FFF7E1FF6D1CE9
:106DC000EDB2082DE7D3204670BD70470648018814
:106DD0000648418006490A8882804988C180054961
:106DE000C988018100F094B818000020E80A00204A
:106DF0001C000020000000202DE9F041124E134D30
:106E0000041E4FF480514FF4005709DD0022304634
:106E1000FDF711F8012239463046FDF70CF80FE076
:106E20000DDA01223046FDF706F8002239463046D9
:106E3000FDF701F8296860424863BDE8F081FCD1A4
:106E400028684463F9E70000000C0140B00400200A
:106E50002DE9F041124E134D041E4FF480414FF4C2
:106E6000004709DD01223046FCF7E5FF00223946E4
:106E70003046FCF7E0FF0FE00DDA00223046FCF769
:106E8000DAFF012239463046FCF7D5FF2968604217
:106E90008863BDE8F081FCD128688463F9E70000CD
:106EA000000C0140B00400202DE9F041164D0027F0
:106EB0002846FFF7E7FA4AF2A554AE14A04211D0D3
:106EC0002846FFF7BDFA21462846FFF7CCFA0124F1
:106ED00005EB44000021FFF7C6FA641CA4B2B442DB
:106EE000F6D30127B046094E002400BF05EB44004D
:106EF000FFF7C8FA26F81400641CA4B24445F5D381
:106F00003846BDE8F081000000FC0008E80A0020D7
:106F10002DE9F041094D2846FFF792FA0024084E6A
:106F20005FEAA54705EB440036F81410FFF79BFA1B
:106F3000641CA4B2BC42F5D3BDE8F08100FC00089B
:106F4000E80A0020FDF758BA30B58FB0282168460E
:106F5000F9F70DFB14210AA8F9F709FB0121080430
:106F6000CDE900100024029402250491CDE90750D8
:106F70004FF4E01009906846FDF7B2FB08B172B615
:106F8000FEE70F20CDE90A054FF48060CDE90C4003
:106F900002210AA80E94FDF7C7FA002801D072B6A4
:106FA000FEE70FB030BD70470148FDF745BF000058
:106FB00068040020F0B50268194B1A4C1A4D4FF0C6
:106FC0008047984205D0B84203D0A04201D0A842E1
:106FD00003D122F070064A683243984205D0B84285
:106FE00003D0A04201D0A84203D122F44074CA6861
:106FF00022434C6922F08002224302608A68C26206
:107000000A688262984201D10969016301214161E4
:107010000169C90703D0016921F001010161F0BDD7
:10702000002C0140000400400008004010B501F0B1
:107030001F030121046A99408C430462016A9A404B
:107040001143016210BD10B5846842EA032224F4A2
:107050007F440A432243826010BD826822F070029E
:107060000A4342F0070181607047000030B5036AAF
:10707000026A22F0010202624268846924F0730508
:107080000C682C4323F002058B682B430A4DA84261
:107090000BD123F00805CB6822F440722B434D69D5
:1070A00023F0040315438A692A43426084614968D6
:1070B0004163036230BD0000002C014030B5026A1C
:1070C000036A23F010030362436884690D6824F4A3
:1070D000E64444EA05248D6822F0200242EA0512C3
:1070E0000B4DA8420ED1CD6822F0800242EA051273
:1070F0004D6923F4406343EA85038D6922F0400221
:1071000043EA85034360846149688163026230BD5C
:10711000002C014030B5036A026A22F480720262D8
:107120004268C46923F4007324F073050C682C438F
:107130008D6843EA05230C4DA8420ED1CD6823F497
:10714000006343EA05234D6922F4405242EA0512E6
:107150008D6923F4806342EA05124260C461496884
:10716000C163036230BD0000002C014030B5046AE9
:10717000026A22F4805202624268C3690D6823F4F5
:10718000E64343EA05238D6824F4005444EA0534B9
:10719000064DA84204D14D6922F4804242EA85128C
:1071A0004260C36149680164046230BD002C014043
:1071B00010B5036A046A24F001040462846924F0AF
:1071C000F00444EA021423F00A020A4384610262D2
:1071D00010BD10B5036A046A24F0100404628469C7
:1071E00023F0A00324F4704444EA023243EA01117C
:1071F0008261016210BD10B5406A0021C185C18461
:10720000FEF798F810BD01680C3151E8002F22F408
:10721000907241E80023002BF5D10168143151E848
:10722000002F22F0010241E80023002BF5D1016B71
:10723000012909D101680C3151E8002F22F0100218
:1072400041E80023002BF5D1202180F842100021D5
:107250000163704708B590F84210222901D002203E
:1072600008BD82684FF480539A4201D1016921B16F
:10727000816A9A421BD04AB10AE00268816A526868
:10728000C2F308020A80816A891C08E0026972B1AF
:107290000268526802F07F020A70816A491C8162AA
:1072A000C18D491E0904090CC18503D01BE0026889
:1072B0005268F1E70168CA6822F02002CA600168DA
:1072C000CA6822F48072CA6001684A6922F0010229
:1072D0004A61202180F8421000214163026B012A9B
:1072E00003D0FEF70BFA002008BD016301680C31E2
:1072F00051E8002F22F0100241E80023002BF5D1C5
:1073000001680A68D20602D50A6849680091818D31
:10731000FEF70FF8E7E7000070B504460068016962
:10732000E26821F44051114301612169A0680843DA
:10733000616908432168CA6841F20C639A430243B9
:10734000CA6020684169A26921F44071114341611A
:107350001E492068884202D1FDF78CF901E0FDF753
:1073600079F900EBC00101EB001260686421800034
:10737000B2FBF0F3B3FBF1F36FF018067343B2FB0B
:10738000F0F5B2FBF0F605EB8305322303EB0515B0
:10739000B5FBF1F5B6FBF1F605F0F00505EB0615CA
:1073A000B2FBF0F6B2FBF0F0B0FBF1F06FF01802B8
:1073B000504306EB800003EB0010B0FBF1F02168B6
:1073C00000F00F002844886070BD000000380140C4
:1073D00081628285C28500214164222180F84210A9
:1073E000016921B10168CA6842F48072CA6001680B
:1073F0004A6942F001024A610068C16841F0200117
:10740000C160002070472DE9F843984617460D46A5
:107410000446089E24E0701C22D0FCF711FDA0EB6E
:107420000800B0421AD8CEB12068C168490717D504
:10743000802D15D0402D13D00168C94309070FD402
:1074400001680025406800902046FFF7DCFE082018
:10745000606484F840500120BDE8F8830320FBE716
:107460002068006835EA000004D00020B842D2D07D
:107470000020F1E70120F9E70148FDF75DBF0000BA
:10748000880500200148FDF757BF0000D005002007
:10749000FEE7490050EAC12018BF04204A0D18BF7A
:1074A00040F0010040F2FF72B2EB515F08BF40F0C4
:1074B0000200012808BF052070470907090E0028AF
:1074C00004DB00F1E02080F80014704700F00F00AA
:1074D00000F1E02080F8141D70472DE9F0414F1EA7
:1074E00000EBC7010446D1E9000115461E4637F0FE
:1074F00006020DD02A46334600F0A0FF7F1E04EBA3
:10750000C703D3E9002300F0E3FC37F00602F1D112
:10751000022F25D0042F13D0062F18BFBDE8F0810D
:107520002A46334600F08AFFD4E90A2300F0D0FC53
:107530002A46334600F082FFD4E9082300F0C8FC55
:107540002A46334600F07AFFD4E9062300F0C0FC57
:107550002A46334600F072FFD4E9042300F0B8FC59
:107560002A46334600F06AFFD4E9022300F0B0FC5B
:107570002A46334600F062FFD4E90023BDE8F0411B
:1075800000F0A6BC012201F041BC00F0A1BC40F219
:10759000013200204FF0E04101F038BC024A0020E7
:1075A000110701F033BC000001FDFFFF10B50446D8
:1075B000D1E9000100F002F8206010BDF8B50446E2
:1075C0000D466A4600F070FA00987E300090002860
:1075D0001EDC002213462046294600F08DFE17D0FF
:1075E000002140F608004FF00000064620462946DC
:1075F00000F03CFC044640F6080006EA00014FF0AB
:10760000000034F0004004BF0220F9F724F829E01C
:107610000098FF2828DB002108464FF0000000F406
:107620004006002213462046294601F005F88CBF8B
:10763000002501250220F9F70EF84FF0FF4446B16E
:10764000002D0CBF4FF400004FF48000B04218BF73
:10765000084C042108464FF00000002D04BF84F0C0
:107660000040F8BD2046F8BD20462946BDE8F84058
:1076700000F0FCBBFFFF7F7F10B504460A46D4E94B
:107680000003194600F03CFAC4E9000110BD30388F
:107690000A2801D201207047002070472DE9F84FD9
:1076A00004460D4621F0004000917349814211DCEF
:1076B0007249884201DC06D12CB120462946BDE83A
:1076C000F84FFFF75FBF6E48002DCCBF6D496E4984
:1076D000BDE8F88F6D49814211DD6D498142D8BF07
:1076E0004FF0FF366DDD20462946FFF7D2FE042815
:1076F00008BFFFF753FF20462946BDE8F88F6549CC
:10770000654F25F00045814233DD6449814219DD32
:10771000002632464FF080432046294600F0D8FB31
:1077200080468A4601222046294601F06FFB00224E
:107730003B4600F0C3FF4246534600F085FC04463A
:107740000D463EE001260022BA463B462046294629
:1077500000F0BEFB80460F460022534620462946D5
:1077600000F0ACFF42463B4600F06EFC04460D467E
:1077700027E04B4981421BDDDFF828A102260022C9
:1077800053462046294600F059FE00223B4600F0B1
:107790009FFB80460F46002253462046294600F0B4
:1077A0008DFF42463B4600F04FFC04460D4608E084
:1077B000032622462B4600203B4900F045FC0446A8
:1077C0000D4622462B461046194600F037FE8B46E2
:1077D000824602460B4600F031FE07460246334819
:1077E00088460B4606217844FFF777FE52465B46F3
:1077F00000F024FE82462E488B463A464346052139
:107800007844FFF76AFE3A46434600F017FE024608
:107810000B46002E504659460CDA00F059FB224622
:107820002B4600F00BFE01B022462B46BDE8F04F80
:1078300000F038BF00F04CFB22462B4600F0FEFD66
:107840001C4A7A4402EBC603D3E9002300F036FF5A
:1078500022462B4600F032FF174A7A4402EBC60359
:10786000D3E9002300F01EFF009A002AB8BF81F080
:107870000041BDE8F88F0000000010440000F07FD8
:10788000182D4454FB21F93FFB21F9BF0000DC3FD8
:107890000000203E0000F33F0000F03F0000E63F04
:1078A000008003400000F83F0000F0BF8E28000079
:1078B0004C280000EA270000B22700002DE9F04D17
:1078C0009446CCF1000423F000464CEA0404524FE5
:1078D00046EAD4749A46884621F00042BC4206D853
:1078E000454240EA050442EAD474BC4204D9BDE8EA
:1078F000F04D6246FFF749BEAAF14055A5F17F65FC
:1079000055EA0C040BD0022404EAAA74434DDFF8B4
:1079100010E144EAD87452EA000B04D00CE0BDE850
:10792000F04DFFF7BBBE002C14BF012CBDE8F08D5D
:10793000022C30D0032C32D056EA0C0B0AD0BE42B7
:1079400020D1BA4209D126F0804622F08042334647
:10795000114617E000291ADB25E0DFF8C8B0FB4428
:10796000002C04BFDBE90001BDE8F08D012C02BF53
:10797000DBE9000181F00041BDE8F08D022C0AD066
:10798000032C0CD0BA4212D1B8F1000F0BDA234805
:107990002549BDE8F08D28462449BDE8F08D2846EC
:1079A0007146BDE8F08D1D482149BDE8F08D921B60
:1079B00012153C2AC4BF19481D490EDCBAF1000F4C
:1079C000BEBF12F13C0F0020014606DB624600F00C
:1079D0003BFB21F00041FFF761FE002C08BFBDE832
:1079E000F08D012C04BF81F00041BDE8F08D114AFB
:1079F000114B022C07D000F061FE2A46BDE8F04D85
:107A00000A4B00F05BBE00F059FE2A46BDE8F04D7F
:107A1000064B00F047BE00000000F07F182D4454D4
:107A2000FB2109C046270000FB21F9BFFB210940CB
:107A3000FB21F93F075C143326A6A13C30B583B087
:107A40000446F8F703FE05460020CDE90000024693
:107A500021466846F8F7FEFF2846F8F7FCFDDDE909
:107A6000000103B030BD000000280AD0012808D072
:107A7000022806D0032804D10348017811B100215F
:107A8000017070470121FBE702000020002808D0A8
:107A9000012806D0022804D0032802D10149012080
:107AA000087070470100002010B5144600222260C3
:107AB000114A21F000439342A8BF10BD53EA0002CF
:107AC00008BF10BDB3F5801FA8BF226807DA3622B1
:107AD00001F09CF96FF0350221F000432260DFF8DD
:107AE0001CC06FF31E510CEB23531A4441F0FF519D
:107AF00041F00051226010BD0000F07F02FCFFFF4A
:107B00002DE9F04106460C4640F2FF75174635EA6E
:107B100014502BD000221346304600F0EDFB25D048
:107B20003A463046214601F071F906460C4635EAE0
:107B3000145010D000221346304600F0DDFB15D162
:107B40000220F8F788FDFFF729FD0A46214662F377
:107B50001E01BDE8F0810220F8F77DFDFFF717FD5B
:107B60000A46214662F31E01BDE8F08130462146F7
:107B7000BDE8F08170470000FCF746FCFFF7E4F930
:107B8000FEF770FAFEF71CFBFEF712FCFEF74EFB49
:107B9000FEF7A0FBFEF7D4FBFEF726FCFEF7F0FA9B
:107BA000FEF715FEFEF78AFC7C48FCF7C9FFFBF7E1
:107BB0002DF9FEF737FCFBF7B7FDFEF72AFAFEF7C3
:107BC00057F80027FEF752F9FEF760F9FAF7F2FFCF
:107BD0000020FEF73DF80028FAD0FEF76BFDFFF716
:107BE00063F9002822D0FFF7F1F8FEF763FD0021CA
:107BF00008236BA20846FEF723FF08236DA210217D
:107C00000020FEF71DFF082370A220210020FEF7B0
:107C100017FF082373A230210020FEF711FFFEF7A3
:107C2000C1FF0020FEF714F80028FAD0FEF72EF965
:107C3000FEF740FD0A20FBF745FFDFF8B8B1DFF89B
:107C4000B8A100BFFBF7ECF8FEF7ADFC002861D04F
:107C50006A4890F9018090F902900479BAF8060018
:107C600000F09DFB05460E46404600F081FB0022D9
:107C7000634B00F0E9F92A46334600F0DFFB00F0E1
:107C8000F5F860490860484600F072FB00225E4B40
:107C900000F0DAF92A46334600F0D0FB00F0E6F8AF
:107CA0005A4908603CB337BB0B2C1ED2DFE804F006
:107CB0001D06090C0F1D1D1D15181B00FAF742FEAD
:107CC00013E0FAF777FE10E0FAF7B4FE0DE00121B9
:107CD0008AF80210FAF7BEFE07E0FFF777F804E033
:107CE000FAF75EFF01E0FAF75BFE9AF806008BF800
:107CF0000500FEF76BFC9AF80300274630B1012817
:107D000004D0022811D0032811D000208BF80400E1
:107D1000FEF75CFC9AF80300544650B101281BD0D2
:107D2000022812D0032823D11CE00320EEE7042010
:107D3000ECE70020FDF78CFF08B1FAF703FE012005
:107D4000FDF786FF08B1FAF735FE0220FDF780FF48
:107D500040B1FAF76FFE05E00020FDF779FF08B1AA
:107D6000FAF7F0FDA0786178084301D0FAF772FEC7
:107D7000207801280CD0FEF779F8207840B9607996
:107D8000012805D1E07818B10020E070FBF78CF9EC
:107D900020786071E078FBF77DFA53E768040020F3
:107DA00020202020205BE68F90E7A4BA5D202020D1
:107DB00020200000202020E5B7B2E9878DE7BDAE86
:107DC000E58F82E695B020202000000020E8AFB7C4
:107DD000E6B3A8E6848FE689A7E8A18CE6A0A1E532
:107DE00087862000202020202020202020202020E6
:107DF0004B313E00380600200000002058060020CD
:107E0000000059400C010020000059C04C01002026
:107E10007047704710B500290AD00878002807D0AD
:107E200005487844F8F7CAFB002801D0002010BDAF
:107E30000248784410BD00007A230000722300003D
:107E400010B500290AD00878002807D005487844E2
:107E5000F8F7B4FB002801D0002010BD0248784498
:107E600010BD00006A2300006223000021F00042E0
:107E7000A2F16052B2F5801F01F0004328BFD2F199
:107E80007F6C0BD95FEA001C43EAC20242EB5070E0
:107E900018BF704728BF20F001007047B2F5801F5F
:107EA000BCBF184670474FEA410C1CF5001F02D2B8
:107EB000084600F0BCBE70B500F06AFB0000008907
:107EC000FFF7F6BF4FF00040A0F5800070470000BC
:107ED00010B591EA030F48BF83F0004300F1F68329
:107EE000841A71EB030C05D2121943EB0C03001B2F
:107EF00061EB0C01DFF824E14FEA1154A4EB135CB1
:107F00001EEA430F18BF9EEA445F73D023EA0E03B4
:107F1000DCF1200E21EA045143F4801332D322FA1B
:107F20000CFE10EB0E0023FA0CFE41EB0E01CCF11F
:107F3000200E03FA0EFE10EB0E0051F10001B1F518
:107F4000801FCCF1200E32D201EB045112FA0EF256
:107F5000BDE8104058BF7047401C38BF5FEA42027E
:107F600018BF7047002814BF20F0010041F1000144
:107F70004FEA410313F5001F38BF7047A1F1C0411C
:107F800000F054BB012A43EB0302ACF1200CDCF1FE
:107F90001F0E32BF4FF0000E23FA0CF310EB03005C
:107FA00041EB0451B4EB115FD0D0A1EB045101F5CA
:107FB000801149085FEA300001EB04510ED350F103
:107FC000000038BF12FA0EFE08D1BDE81040C9E724
:107FD000401C38BF5FEA4202CAD1C3E7BDE8104087
:107FE0004FEA410313F5001F38BF7047A1F1C041AC
:107FF00000F01CBB9EEA445F08D011EA5E0FBDE8AA
:10800000104004BF01F0004100207047BDE810405F
:1080100070B500F0BDFA00BF64FBBE3E0000E0FF9B
:1080200002494FF0000000F0BFBE00BF0000F87F23
:10803000491058BFC1F140415B1058BFC3F14043E4
:108040008B42EFF3008070472DE9C04130B4DFF878
:10805000A0C23CEA111418BF3CEA131400F0EC80F3
:1080600081EA03051CEA111444EAD57418BF1CEA1E
:10807000131500F0C780A4EB05044FF0004545EA56
:10808000C12145EAC32341EA505143EA525304F166
:108090007F74994204F500344FEAC0204FEAC222AF
:1080A00008BF904200F09C804FEA13650FF2401623
:1080B000765D4FEA134506FB05F7C7F1807706FBAF
:1080C00007F74FEAD737A7FB03687642C8F5803831
:1080D000A7FB06CE38BFA8F1010807FB08E64FF062
:1080E000000EA6FB028CE6FB03CEDCF1000CCEF109
:1080F000004E38BFAEF1010EA6FB0C584FF0000742
:108100004FF00005E6FB0E87A1FB08C6A0FB07CEDB
:1081100016EB0E0645F10005E1FB076515F1E04E93
:108120007EBFA4F580345FEA46066D4116F18007F4
:1081300045F100054FEA17274FEA066647EA05674B
:10814000A6F1DE46B6F1805F4FEA15251FD9384605
:1081500024F0010C05EBC471BCF1FE6F01EB0C11B6
:1081600002D8F0BCBDE8008124425CBF01F5801E4E
:108170009EEAC47F02D4F0BCBDE80081244238D41A
:10818000F0BCA1F1C041BDE8004100F04FBA4FEA98
:10819000D22242EA43524FEAD323A7FB02864FEA98
:1081A000D02040EA415007FB03661EEA0E0F4FEA5B
:1081B000D12105FB026658BFA6EB0056B6EB005670
:1081C0004FEA520E4EEAC37E18EB0E0E56EB530EDC
:1081D000BDD518EB02085E417F1C55F10005B6E7DE
:1081E0004FF480154FF000074FF000064FF00008E5
:1081F000ADE7F0BC4FF0000001F1C04101F00041DB
:10820000BDE8008111EA0C1F0CEA131500D00CE048
:1082100013EA0C1F00F025804FF00000F0BC81EA4B
:10822000030101F00041BDE80081F0BCBDE8004160
:1082300081EA030100F0FAB9F0BCBDE8004170B575
:1082400000F0A6F9097EFC3E00F007B881EA0301C0
:108250004FF0000001F00041704781EA030100F097
:10826000E5B9F0BCBDE800414FF00000214970477E
:10827000FFFDFBF9F7F5F4F2F0EEEDEBE9E8E6E4EB
:10828000E3E1E0DEDDDBDAD8D7D5D4D3D1D0CFCD72
:10829000CCCBCAC8C7C6C5C4C2C1C0BFBEBDBCBBAB
:1082A000BAB9B8B7B6B5B4B3B2B1B0AFAEADACABA6
:1082B000AAA9A8A8A7A6A5A4A3A3A2A1A09F9F9E80
:1082C0009D9C9C9B9A999998979796959594939332
:1082D000929191908F8F8E8E8D8C8C8B8B8A8989C9
:1082E000888887878685858484838382828181804C
:1082F0000000FF070000F87F51EA030C17D41CF5BB
:10830000801F58BFBCF5801F00F10680994218BF3E
:10831000704708BF9042704707D711F5801F58BFBC
:1083200013F5801F19D499427047894270471CF594
:10833000801F08D5BCF5801FF7D58B4218BF70474A
:1083400008BF824270474FF4001C1CEB410F38BF3E
:108350001CEB430F01D28B42704770B500F018F947
:10836000922449004FF000514FF08053FFF760BE58
:1083700010F0004248BF4042B0FA80F310FA03F117
:108380000AD0C3F11D0303F580634FEA415002EBAD
:10839000035202EBD12170474FF000007047B0FA52
:1083A00080F310FA03F10AD0C3F11D0303F58063D3
:1083B0004FEA41504FEA035202EBD12170474FF090
:1083C0000000704751EA030C17D41CF5801F58BFFA
:1083D000BCF5801F00F10680994218BF704708BFA6
:1083E0009042704707D711F5801F58BF13F5801FC3
:1083F00019D499427047894270471CF5801F08D5EF
:10840000BCF5801FF7D58B4218BF704708BF82426A
:1084100070474FF4001C1CEB410F38BF1CEB430F9F
:1084200001D28B42704770B500F0B2F89224490037
:108430004FF000514FF08053FFF7FABDDFF848C10D
:1084400070B51CEA111E1EBF1CEA13159EEA0C0F24
:1084500095EA0C0F00F06F8081EA030423EA4C13C5
:108460004EEAD47E21EA4C1141F4801143F480138A
:10847000AE44A1FB024CA0FB0365AEF17F7E361932
:1084800055EB0C05A1FB034C4CF10003A0FB021CB7
:1084900016EB0C06654153F10003094218BF46F084
:1084A000010613F4007F0BD14FEA03314FEA053088
:1084B000340341EA155140EA16506FF003020AE016
:1084C0004FEAC3214FEAC520F40241EA555140EA80
:1084D00056506FF0020202EB2E4201EB025585EA84
:1084E000CE710AD05FEA440C18BF24F0004450F16A
:1084F000000041F1000120EAD47040F2FE7C6245A8
:1085000000D270BDA84214BF4FF080444FF04044E9
:10851000002E08BF0024BEF1806FA8BFA1F1C041AA
:10852000BDE8704080F282804FF0000001F1C04150
:1085300001F0004170479EEA0C0F0CEA131518BFBA
:1085400095EA0C0F06D04FF0000081EA030E0EF002
:10855000004170BD00F01CF88900013E00F007B832
:1085600000F009B84FEA430C5FEA5C5C08D081EA8E
:10857000030100F05BB84FEA410C5FEA5C5CF6D1A6
:108580004FF00000014970470000FF070000F87F2E
:108590000EF1020E2EF0030E5EF8046B364205D487
:1085A000012A43EB030515F5001F12D8012841EB02
:1085B000010C1CF5001F0CD80ED14FEAD17C15F52B
:1085C000001F0CEB4C0C0CF1020C08BF4CEBD37CE5
:1085D00004E04FF0080C01E04FEAD37C0CEB4C05B3
:1085E00026FA05F606F00706B6F1040C06D20EEBE5
:1085F000860CBDE870404CF0010C6047DFE80CF0E1
:10860000090B02024FF000414FF00000A1F50021DC
:1086100070BD19461046012851EB010418BFD4F56E
:10862000001484BF002001F0004170BD0808A0F5CF
:1086300000114FEA3101704753EA010C17D41CF5C1
:10864000801F58BFBCF5801F00F106808B4218BF09
:10865000704708BF8242704707D713F5801F58BF85
:1086600011F5801F19D48B4270479B4270471CF54F
:10867000801F08D5BCF5801FF7D5994218BF7047F9
:1086800008BF904270474FF4001C1CEB430F38BFEB
:108690001CEB410F01D2994270470FB40CBC03BCD4
:1086A000FFF7C1BE91EA030F10B581F000413FF51D
:1086B00017AC83F0004300F009B8000010B591EA50
:1086C000030F48BF83F000433FF50AAC841A71EBF7
:1086D000030C07D212198CF0004C43EB0C03001B67
:1086E00061EB0C01DFF8A4E14FEA1154A4EB135C39
:1086F0001EEA430F18BF9EEA445F00F0B08023EAF1
:108700006E03524221EA0451C3EB6E0338BF5B1E75
:10871000DCF1200E25D322FA0CFE10EB0E0043FAFA
:108720000CFE41EB0E01CCF1200E03FA0EFE10EB15
:108730000E0051F10001CCF1200E29D412FA0EF2F4
:1087400001EB0451BDE8104058BF7047401C1CBFEE
:10875000B2F1004F704700280CBF491C20F0010007
:10876000704712EB020E43EB030218BF4FF0010EED
:108770004EEA4202ACF1200CDCF11E0E54D943FA51
:108780000CFE10EB0E0051F1FF31CCF11E0ED5D5D1
:108790000EF1010E12FA0EFE404141EB010101EB18
:1087A000445C5FEA5C5C10D910EBDE7001EB0451B5
:1087B00038BFBEF1004FBDE8104018BF7047002819
:1087C0000CBF491C20F00100704730D24FEAD42C76
:1087D00011F5001124F400641BD0B1FA81F20B3AB8
:1087E000A41AA41ED2F12003914030FA03F31943D6
:1087F000904001EBCC71002C01EB0451BDE810401E
:10880000A8BF704701F1C0414FF0000001F00041E6
:108810007047B0FA80F310FA03F100D110BDE41AEA
:10882000173C4805C90AE4E701EB045110BD4910A3
:1088300001EB0451BDE810404FEA300002E04FF078
:10884000000170474A0008BF0042F8D0B2F5001F8F
:1088500028BF704701F000414FF0000070479EEACA
:10886000445F07D011EA5E0FBDE8104004BF00214D
:1088700000207047BDE8104070B5FFF789FE00BFCB
:1088800040DFF63E83F00041104670470000E0FFF5
:1088900043004FEAD30C4FEA3C0C43401FBF400754
:1088A0000CF1605113F0FE4F70471CF0006F03D1C4
:1088B00000200CF0004170470CF0004343EA507078
:1088C00010B540EACC0000F06CF900BF0000009247
:1088D0004FEA0001FFF7AABE4FF000414FF0000041
:1088E000A1F500217047000090EA010F48BF81F018
:1088F000004100F1E481421A3CBF801A89184FEA16
:10890000D0524FF07F4C1CEA410FA2EBD15318BF5D
:108910009CEA026F00F03B804FF0004C4CEA0020D4
:108920004CEA012121FA03FC10EB0C0C1ED202F1DF
:10893000FF325FEA1C2040EBC25038BF70471CF08A
:108940007F0F4FEA400C18BFBCF17F4F38BF704714
:10895000C3F12003994008BF20F00100BCF17F4F14
:1089600038BF7047A0F1C04000F061B94FEA3C0049
:10897000000A40EBC25028BF1CF0FF0F4FEA400C2A
:10898000E6D018BFBCF17F4F38BF7047EAE79CEADA
:10899000026F05D010EA5C0F08BF00F0004070477E
:1089A00010B500F0FEF800BF64FBBE3E014800F0C9
:1089B000FBB900BF0000C07F401058BFC0F140406D
:1089C000491058BFC1F140418142EFF30080704728
:1089D00041000B0ED3F19E0208D950F400034FEA78
:1089E000032323FA02F048BF4042704710B500F05D
:1089F000D8F800BF49922480002070476FF00042F1
:108A000082EA20007047000010F0004148BF404259
:108A1000B0FA80F310FA03F2C3F19D030BD051EAD0
:108A2000C35101EB1220530638BF704700F101001B
:108A300008BF20F00100704750EA010C00F11380DC
:108A40001CF5000F58BFBCF5000F01D488427047D9
:108A500007D710F5000F58BF11F5000F15D4884245
:108A60007047894270471CF5000F04D5BCF5000F14
:108A7000F7D5814270474FF0807C1CEB400F38BF28
:108A80001CEB410F01D28142704710B500F089F80C
:108A9000922449004FF000504FF08051FFF78CBFF7
:108AA0004FF47F0C1CEAD0121EBF1CEAD11392EACD
:108AB0000C0F93EA0C0F00F0478090EA010F48BFBB
:108AC00042F480724FF0004C4CEA00204CEA012145
:108AD00002EB0302A0FB0113A2F50002002918BF5C
:108AE00043F001035B0028BF4FEA330342EB22420D
:108AF0005FEA132C4CEBC2502EBFBCEB436FB2F5B8
:108B00007C0F70474FEA036CBCF1004F08BF20F0A8
:108B10000100B2F57C0F38BF70470BD582F0FF0221
:108B200012F5803FC8BF704700F1C040D8BF00F0C9
:108B30000040704700F5000C5FEA4C0C48BF7047DE
:108B4000B0F1C04000F073B890EA010F0CEAD11305
:108B500048BF42F48072624538BF634504D280EA60
:108B6000010000F00040704710B500F01AF800BF97
:108B70008900013E00F007B800F009B85FEA410C37
:108B80005FEA1C6C08D080EA010000F050B85FEA90
:108B9000400C5FEA1C6CF6D14FF00040A0F580005D
:108BA00070470EF1020E2EF0030E5EF8044B2442C5
:108BB00004D44FEA4102B2F17F4F11D84FEA40038B
:108BC000B3F17F4F0CD80ED14FEAD07CB2F17F4F7A
:108BD0000CEB4C0C0CF1020C08BF4CEBD17C04E00C
:108BE0004FF0080C01E04FEAD17C0CEB4C0324FA67
:108BF00003F404F00704B4F1040C06D20EEB840C69
:108C0000BDE810404CF0010C6047DFE80CF00708AD
:108C100002024FF00040A0F5800010BD084642005F
:108C200018BFD2F1807288BF00F0004010BDFF2154
:108C300041EAD050C005704751EA000C00F11380A2
:108C40001CF5000F58BFBCF5000F01D481427047DE
:108C500007D711F5000F58BF10F5000F15D481424A
:108C60007047894270471CF5000F04D5BCF5000F12
:108C7000F7D5884270474FF0807C1CEB410F38BF1E
:108C80001CEB400F01D28842704780EA010081EA64
:108C9000000180EA0100FFF7F8BE80F0004090EA92
:108CA000010F7FF528AE81F0004100F008B8000008
:108CB00090EA010F48BF81F000413FF51CAE421A17
:108CC00004D882F00042A0EB020011444FEAD052D7
:108CD0004FF07F4C1CEA410FA2EBD15318BF9CEA26
:108CE000026F4AD04FF0004C4CEA00204CEA0121C0
:108CF00021FA03FCB0EB0C0C0FD412F0FE0F36D0AF
:108D00005FEA4C001DD5001240EBC25038BF7047DF
:108D10001CF03F0F18BF70470BE0A2F101025FEAA1
:108D20001C2040EBC25038BF70471CF07F0F18BFAB
:108D30007047C3F12003994014BF401E20F001008A
:108D4000704780084FEA122308BF7047B0FA80FCD2
:108D5000A2EB0C02CCF1280C60FA0CF093EA122F73
:108D600004BF00EBC25070474FEAC3707047130A4C
:108D70005FEADC1008BF7047F6E79CEA026F04D098
:108D800010EA5C0F08BF0020704710B5FFF709FF1D
:108D900040DFF63E81F0004070474FF00000704722
:108DA000F8F772B8F8F7A6B90CF00F03092B08BF53
:108DB000082000F085800A2B0BD0082B18BF7047C5
:108DC00008BF1CF0400F0AD04FF000004FF0000128
:108DD00070471CF0400F18BF4FF0004070471CF068
:108DE000100F08D020F0704300F07F4242EAD30118
:108DF0004FEA4370704700F0604021F07F4242EA42
:108E0000000201F07F4040EA727070474FF0FF0CA3
:108E10004CF4E06C1CEA11531CBF9CEA030C944513
:108E2000C2BFDA4201EB02517047002B0DD0BCF1FA
:108E3000000F0FD0002A01F00041A4BF41F0E04133
:108E400041F07F614FF00000704701F000414FF0AA
:108E50000000704750EA01334FF09B0C18BF4CF0F4
:108E6000806C7FF4DDA870474FF0FF0212EAD05209
:108E70001CBF92F0FF038B42C2BFD14200EBC15036
:108E80007047002A0AD0002B0BD0002900F00040C8
:108E9000A4BF40F0FE4040F40000704700F00040E6
:108EA000704743024FF00B0C18BF4CF0806C7FF4FE
:108EB0007DAD7047F8F7FCBCF8F7CCBEF9F75AB8AF
:108EC0001CF4801F11D01CF4E02F03D06FEACC31CA
:108ED000490070474FF04050EFF3008222F070429B
:108EE00042EA000282F3008870474FF000007047AA
:108EF000010202030405060708090A0B0C0D0E0FF8
:108F0000101000000000000000000102030406072A
:108F10000809000000000102030400000000000036
:108F200000000000000000000000000000F8000049
:108F30000000000000333000000000160E00160E86
:108F40000000000000000000000040C07840C07831
:108F50004000043F04043F040400007088FC083013
:108F60000000001820FF211E0000F008F000E018AB
:108F7000000000211C031E211E0000F00888700064
:108F800000001E21232419272110000000160E00C6
:108F900000000000000000000000000000E01804D5
:108FA0000200000000071820400000020418E00042
:108FB00000000040201807000000404080F0804082
:108FC00040000202010F01020200000000F0000058
:108FD00000000101011F010101000000000000006C
:108FE000000000B070000000000000000000000061
:108FF000000000010101010101010000000000006A
:109000000000003030000000000000000000806020
:109010001804006018060100000000E010080810A5
:10902000E000000F102020100F00001010F80000CA
:1090300000000020203F2020000000700808088861
:109040007000003028242221300000300888884831
:1090500030000018202020110E000000C02010F861
:10906000000000070424243F240000F80888880832
:1090700008000019212020110E0000E01088881837
:109080000000000F112020110E0000380808C83819
:1090900008000000003F00000000007088080888F9
:1090A0007000001C222121221C0000E01008081082
:1090B000E0000000312222110F00000000C0C000BB
:1090C00000000000003030000000000000C0C000C0
:1090D0000000000080B07000000000008040201000
:1090E00008000001020408102000404040404040B9
:1090F000400004040404040404000008102040801C
:109100000000002010080402010000704808080850
:10911000F0000000003036010000C030C828E81020
:10912000E0000718272423140B000000C038E000DB
:109130000000203C23020227382008F88888887025
:109140000000203F202020110E00C0300808080831
:109150003800071820202010080008F80808081018
:10916000E000203F202020100F0008F88888E80841
:109170001000203F20202320180008F88888E808E5
:109180001000203F200003000000C030080808380D
:10919000000007182020221E020008F8080000081E
:1091A000F808203F210101213F20000808F80808A5
:1091B00000000020203F2020000000000808F808E0
:1091C0000800C08080807F00000008F888C0281850
:1091D0000800203F20012638200008F80800000081
:1091E0000000203F20202020300008F8F800F8F888
:1091F0000800203F003F003F200008F830C0000872
:10920000F808203F200007183F00E0100808081069
:10921000E0000F10202020100F0008F808080808B0
:10922000F000203F210101010000E01008080810B3
:10923000E0000F18242438504F0008F888888888E8
:109240007000203F2000030C3020007088080808C0
:1092500038000038202121221C00180808F80808CE
:1092600018000000203F2000000008F80800000857
:10927000F808001F202020201F000878880000C860
:109280003808000007380E010000F80800F8000850
:10929000F800033C0700073C03000818688080685A
:1092A000180820302C03032C30200838C800C83898
:1092B00008000000203F2000000010080808C838FF
:1092C00008002038262120201800000000FE02029D
:1092D00002000000007F40404000000C30C0000051
:1092E0000000000000010638C00000020202FE007B
:1092F0000000004040407F000000002010080408EB
:10930000102000000000000000000000000000002D
:10931000000080808080808080800002040800003F
:10932000000000000000000000000000808080803D
:1093300000000019242222223F2008F8008080002B
:109340000000003F112020110E00000000808080EE
:109350000000000E112020201100000000808088F5
:10936000F800000E112020103F2000008080808037
:109370000000001F222222221300008080F0888833
:1093800088180020203F202000000000808080807E
:109390008000006B94949493600008F800808080B3
:1093A0000000203F210000203F200080989800000E
:1093B00000000020203F202000000000008098983E
:1093C000000000C08080807F000008F800008080DE
:1093D0008000203F24022D302000000808F8000003
:1093E00000000020203F20200000808080808080BE
:1093F0008000203F20003F20003F008080008080D0
:10940000000000203F2100203F200000808080805D
:109410000000001F202020201F008080008080008E
:10942000000080FFA12020110E000000008080803D
:109430008000000E112020A0FF80808080008080AE
:10944000800020203F2120000100000080808080DB
:1094500080000033242424241900008080E08080D0
:1094600000000000001F202000008080000000801D
:109470008000001F202020103F208080800000807E
:10948000808000010E30080601008080008000808E
:1094900080800F300C030C300F0000808000808033
:1094A00080000020312E0E3120008080800000805E
:1094B000808080818E70180601000080808080800E
:1094C00080000021302C2221300000000000807C30
:1094D000020200000000003F404000000000FF00CA
:1094E000000000000000FF0000000002027C80007D
:1094F00000000040403F000000000080404080002D
:1095000000800000000000010100000000000000D9
:109510000000002F000000000700070000147F1467
:109520007F1400242A7F2A12002313086462003665
:109530004955225000000007000000001C22410095
:10954000000041221C000014083E08140008083ED8
:109550000808000000A060000008080808080000D3
:1095600060600000002010080402003E5149453EA2
:109570000000427F400000426151494600214145C0
:109580004B31001814127F10002745454539003C27
:109590004A494930000171090503003649494936F5
:1095A00000064949291E00003636000000005636E4
:1095B00000000008142241000014141414140000C8
:1095C00041221408000201510906003E4955592E56
:1095D000007C1211127C007F49494936003E41410E
:1095E0004122007F4141221C007F49494941007FBF
:1095F00009090901003E4149497A007F0808087FAE
:109600000000417F4100002040413F01007F0814DD
:109610002241007F40404040007F020C027F007FDB
:109620000408107F003E4141413E007F09090906C0
:10963000003E4151215E007F0919294600464949F3
:1096400049310001017F0101003F4040403F001FC0
:109650002040201F003F4038403F0063140814633F
:1096600000070870080700615149454300007F4129
:109670004100000204081020000041417F00000466
:10968000020102040040404040400000010204008A
:10969000002054545478007F4844443800384444EF
:1096A000442000384444487F00385454541800087B
:1096B0007E0901020018A4A4A47C007C04040478A0
:1096C0000000447D4000004080847D00007F102821
:1096D00044000000417F4000007C04180478007CB6
:1096E0000804047800384444443800FC2424241836
:1096F0000018242418FC007C080404080048545472
:10970000542000043F444020003C4040207C001C8A
:109710002040201C003C4030403C0044281028449D
:10972000001CA0A0A07C004464544C440000087FAE
:1097300041000000007F00000000417F0800000899
:1097400004081008E68F9000101010FF109000FE23
:109750009292929292FE00000444827F0180423AEB
:109760004282FE9292928200E7A4BA0040404242B6
:10977000424242C242424242424040002010080659
:109780000040807F0000000204083000E5B7B2000E
:109790000000E28282828282828282FE00000000D9
:1097A00000003F4040404040404040404078000082
:1097B000E9878D00101014D4545454FC525252D3E3
:1097C00012101000404050575555557F555555576C
:1097D00050404000E7BDAE00001715D55557557DE8
:1097E000555755D5151700004040407F55555555E4
:1097F0005555557F40404000E58F8200002020A84D
:109800006C2A3928A82A6CA82020000002828190A6
:10981000924A49452422100801020200E695B00050
:1098200090523410FF10345280708F0808F80800EE
:10983000829A566322528E008040330C334080005F
:10984000E8AFB7004042CC0000445454547F545415
:109850005444400000007F201000FF151515559559
:109860007F000000E6B3A8001060028C0008080822
:1098700009FA08080808000004047E01404041413C
:10988000417F414141414000E6848F00101012D2D7
:10989000565A5253525A56D2121010004030007786
:1098A00085858DB5858585E700106000E689A70070
:1098B000101010FF1090001010FF1010F0000000AA
:1098C0000444827F018040211A0718003F40F000C5
:1098D000E8A18C00001088C4330040424242C242DA
:1098E00042424000020100FF0000000040807F0073
:1098F00000000000E6A0A1001010D0FF90108048EA
:1099000028090E0828488800040300FF0001808011
:10991000432C102C43808000E587860000020CE079
:109920004020F84F4849FE484848080004047F009A
:109930000000FF2222223F2222222000E585B600DD
:10994000808282FFAAAAAAFF828280000404020108
:109950000000000102040000E4BD990010504854CA
:1099600052F1525448501000000402010407000153
:1099700002040000E692B0004444FF245F55F74023
:10998000FF55570000040700050503010305050006
:10999000E5869900048381BDA9A9A9A929E5030049
:1099A000000000000000020402010000E4BB8E0081
:1099B0000000C03FC000C03FC00000000201000422
:1099C0000201000000030400E99BB6004C45A5AD70
:1099D00095DF95ADA5454C0000000000020206058C
:1099E00000000000E5BC80002021A17F212121FF93
:1099F00021212000040201000000000700000000F7
:109A0000E5A78B0004649FC43C10DC535054D8007D
:109A1000040201000300070202020700E999A40002
:109A2000FF89956328A42AF92AA4280007000002C8
:109A30000100040700000300E4BA860000010101F0
:109A400001F9090503010000000000020403000001
:109A500000000000E8AEB8001011F200A82724FCB6
:109A60002424200000000301000000070000000083
:109A7000E5A49A0000404824AA53724A46C0000058
:109A8000000405050405020201000000E69C9F0099
:109A900082FFAAAAFF8200FF4949FF0004020000DA
:109AA0000204040300040700E69CAB0004141494B1
:109AB00054FF549414140400020201000007000033
:109AC00001020200E68792003800FF54FF54F80CB0
:109AD000EB0EFA0000000701070106020102050073
:109AE000E695A30008FAAFAAFF0A08FF04FC0400E9
:109AF000000700040700040201020400E4B880002B
:109B000020202020202020202030200000000000E5
:109B10000000000000000000E4B8AA0000201008C7
:109B200004F30408102020000000000000070000DB
:109B300000000000E69C8800000000FF49494949F8
:109B400049FF0000000402010000000204030000BD
:109B5000E5B7A6000404C4342F24E424242404001C
:109B6000020104040404070404040400E58FB300A4
:109B7000048444F42C272424E40404000100000796
:109B80000202020207000000E694B90002F212127B
:109B90001E087487847C040000070201040402018B
:109BA00001020400E4BA86000001010101F909057F
:109BB0000301000000000002040300000000000098
:109BC000E5BE88004824F20900FF1575955F200066
:109BD000000007000007020001020400E5A49A004B
:109BE00000404824AA53724A46C0000000040505FC
:109BF0000405020201000000E58E86000000FF015E
:109C000011917D111111F100040300040201000003
:109C100004040300E7BB8F0090DCB388245149C5DE
:109C20004B5120000404020204040407040404004D
:109C3000E58D83001012121212FE11111110100086
:109C4000000000000007000000000000E8BE9B00CC
:109C500020A2A6AABAE3B2AAA6A220000000000091
:109C60000007000000000000E7BB8800486C5B04B0
:109C700048442B922A4640000202010100000202E1
:109C800005050000E4BA8E001011111111FF111129
:109C90001111100000000004040700000000000083
:109CA000E5AE8C00082622AA6A2BEA2A222A260080
:109CB000000402010000030404040700E688900089
:109CC00000FC2424E404FF0485660400040300026D
:109CD0000104020102040700EFBC81000000001E25
:109CE000FF1E000000000000000000000600000051
:109CF00000000000E8BDA6000004342C27F4242452
:109D0000240400000101010101070101010101001A
:109D1000E5BAA60000FE0A8ABEABAABE8A0A020005
:109D2000060104040502020504040000E7A9BA00C4
:109D3000082622524AC3424A522206000004040462
:109D40000407040404040400E997B40000FC0102C1
:109D5000F82929F90101FF000007000001010101B4
:109D600004040700E983AD00022E2AABEAAE82FEAE
:109D7000122AC600010105070000000702020100C7
:109D8000E5A5B3000808C8B88F0888780808080057
:109D9000000404040201010202040000E79A8700A3
:109DA00000405E5256DB52525E400000040405053E
:109DB0000507050505040400E4BDA0002010FC0310
:109DC00010CF04F404548C0000000F000201080FAF
:109DD00000000300E5A5BD0088780F88784242F2B4
:109DE0004A464000080502050800080F0000000070
:109DF000E8A7920008F4535252F25A5650F000006D
:109E00000807010101070101090F0000E5BAA600DA
:109E100000FE0A8ABEAAABAABE8A0A00080700088A
:109E2000090A04040A090800E9809F0011F2007A77
:109E30004ACAFFCA4A7A02000807080A09080F0836
:109E4000090A0800E8BDAC00744FF44024E4BCA744
:109E5000A4A4200002020F0100020204060900006F
:109E6000E5909100FC0404E6252424E40404FC00AD
:109E70000F0000030202020308080F00E6B19F0072
:109E8000224400020202FE0202020000040209084B
:109E900008080F0808080800E58D8F0010FF1088DB
:109EA00048FF0808F8408000000F00080601080875
:109EB00007000100E7A7910012D2FE519012240082
:109EC000FF80800001000F00000101010F00000071
:109ED000E68A80008888FF4824E4243F24E40400C4
:109EE00000080F000808050205080800E5B9B300DE
:109EF000808AB28282FE8282A29A800000000000E4
:109F0000000F000000000000E8A1A10024F209FCFD
:109F1000ABFAAEF812F21200000F000A0603060AAE
:109F2000080F0000E8BDA6000464544C47F4444404
:109F30004444040002020202020F02020202020072
:109F4000E68C89008888FF48004CC47546C44C00E4
:109F500000080F000808050202050800E4B88B009D
:109F600002020202FE0212224282020000000000EF
:109F70000F00000000010000E4B8800040404040B5
:109F80004040404040404000000000000000000011
:109F900000000000E994AE0094F39264DC88AAFF0C
:109FA000AABE0800000F040A070A0A0F0A0A0A00DC
:109FB00020000000000C0EE1F11E0C00000000006B
:109FC0000000000606000000000000000400000879
:109FD000000000000000000200010000100000006E
:109FE00000000000000000003031323334353637D5
:109FF00038394142434445464030580030313233CD
:10A0000034353637383961626364656640307800CC
:10A010004FBB610567ACDD3F182D4454FB21E93F80
:10A020009BF681D20B73EF3F182D4454FB21F93F6F
:10A03000E2652F227F2B7A3C075C143326A6813CF5
:10A04000BDCBF07A8807703C075C143326A6913CA0
:10A05000C4EB98999999C9BF711623FEC671BCBF0C
:10A060006D9A74AFF2B0B3BF9AFDDE522DDEADBF74
:10A070002F6C6A2C44B4A2BF0D5555555555D53F8C
:10A08000FF8300922449C23F6E204CC5CD45B73FA7
:10A09000513DD0A0660DB13FEB0D76244B7BA93F1F
:10A0A00011DA22E33AAD903F00000000000000000A
:10A0B000303132333435363738396162636465663E
:10A0C00078700030313233343536373839414243D5
:10A0D000444546585000000002400000000000A027
:10A0E0000000000005400000000000C80000000063
:10A0F0000C4000000000409C0000000019400000DF
:10A100000020BCBE0000000034400000BFC91B8E10
:10A1100000000004B5400000504BCFD06607E2CFEE
:10A12000010000006C4100003E8251AADFEEA7341E
:10A1300001000000D9420000DCB5A0E23A301F97D0
:10A14000FFFFFFFFB4450000FD25A0C8E9A3C14FF4
:10A15000FFFFFFFFFF3F0000000000800000000045
:10A16000FF3F00000000008000000000C8A20008BF
:10A1700000000020940100002801000834A300081A
:10A1800094010020B41300008401000800000000C6
:10A190000000F07FFFFFFFFFFFFFEF7F1C000000CC
:10A1A00043000000F8FFFFFF0C0000000E0000005D
:10A1B0000F0000002E00000010010000430000000E
:10A1C000F8FFFFFF004040404040404040404141D8
:10A1D000414141404040404040404040404040407C
:10A1E0004040404040050202020202020202020216
:10A1F0000202020202202020202020202020200213
:10A2000002020202020290909090909010101010A2
:10A21000101010101010101010101010101010103E
:10A2200002020202020288888888888808080808D2
:10A23000080808080808080808080808080808089E
:10A2400002020202400000000000000000000000C6
:10A2500000000000000000000000000000000000FE
:10A2600000000000000000000000000000000000EE
:10A2700000000000000000000000000000000000DE
:10A2800000000000000000000000000000000000CE
:10A2900000000000000000000000000000000000BE
:10A2A00000000000000000000000000000000000AE
:10A2B000000000000000000000000000000000009E
:10A2C000000000000000000061120532018210034E
:10A2D00022127A0D110C014002142948D10D1108E7
:10A2E00001402014796C713E0B16212C37050116A4
:10A2F00000092C79E9263108AC9C3F2009CDCC4CD3
:10A3000040CDCCCC3D031680401BC8420422C21A6B
:10A31000A020031380C01D400AD7234001181B2032
:10A320004104021AC12AC05809157C411A48801AF2
:04A330004880E10080
:04000005080000ED02
:00000001FF
